Rference number,URL address,initial_SMILES,optimized_SMILES,initial_QED,optimized_QED,initial_MolSkill,optimized_MolSkill,initial_DBPP,optimized_DBPP,initial_HADES,optimied_HADES,optimized_HADES_scs,initial_HADES_scs
1,https://pubs.acs.org/doi/10.1021/acs.jmedchem.2c01983,N[C@@H]([C@@H](C)OC)CN(C([C@H]1[C@H](C2=CC=CC=N2)C1)=O)C3=CC=C(C4=CC=C(COC)C=C4)C=C3,N[C@@H]([C@@H](C)OC)CN(C([C@H]1[C@H](C2=CC=C(F)C=N2)C1)=O)C3=CC=C(C4=CC=C(OC(C)C)C=C4)C=C3,0.4864330632707256,0.423199379521591,-10.261413,-11.206958,0.0655309758898839,0.439484498547393,0.0316016726085051,0.0525598080152336,0.08271332053311703,0.1021728066672194
2,https://pubs.acs.org/doi/10.1021/acs.jmedchem.3c01297?articleRef=test,O=C1N(C2=CC=C(CNC3CC(NC4=CC(C=NN5)=C5C=C4)CCC3)C=C2)C=CC(N)=N1,O=C1N(C2=CC(CN[C@H]3CCC[C@H](NC4=CC=C(NN=C5)C5=C4)C3)=CC=C2)C=C(F)C(C)=C1,0.3743039018705169,0.4030916671421302,-9.249561,-4.751275,0.0235070452853802,0.0191617718754491,0.0776599846065735,0.0410105360331847,0.20446117692916937,0.22506604125860333
3,https://pubs.acs.org/doi/10.1021/acs.jmedchem.4c00525?articleRef=test,O=C(NC[C@](O)(C1=CC2=C(OC[C@]2(C)N)C(C3=CC=C(F)C=C3)=N1)C(F)(F)F)C4=CC=C(OC[C@H](O)C)C(OC)=C4,O=C(C1=CC2=CC(C)=NN=C2C(OC)=C1)NC[C@](O)(C3=NC(C4=CC=C(F)C=C4)=C(F)C(C(C)(O)C)=C3)C(F)(F)F,0.2834778979907761,0.2733550577937784,8.215147,9.140205,0.7376816015663247,0.4561362439831791,0.8245769591827637,0.8961278704962728,0.5149154666055622,0.4509824266934544
4,https://pubs.acs.org/doi/10.1021/acs.jmedchem.2c01334,O=C(C1=CC=CC=C1)NC2=NNC3=C2C=C(C4=CC=CN=C4)C=C3        ,O=C(C1=CC=C(NC(C=C)=O)C=C1)NC2=NNC3=C2C=C(C4=CC(NC[C@H](C5=CC=CC=C5)O)=CN=C4)C=C3        ,0.6026809042275678,0.1715861140514436,0.37257385,5.1370792,0.0236868468976158,0.8740493103011261,0.0049435859089948,0.0167791193520877,0.07232225559408789,0.10281581833914284
5,https://pubs.acs.org/doi/10.1021/acs.jmedchem.2c00805,OC(C1=CC=CC=C1CCC/3)C3=C\C(O)=O,OC(C1=CC=C(C2=CC=CC=C2)C=C1CCC/3)C3=C\C(O)=O,0.560069383536261,0.6551086369650436,12.41951,6.5902543,0.0468417831389304,0.0045320968765914,0.9118811099752044,0.9124139603903112,0.8551546317749432,0.8399303018089299
6,https://pubs.acs.org/doi/10.1021/acs.jmedchem.3c01398?articleRef=test,CCOC(=O)[C@@H](Cc1ncccn1)NC(=O)Nc1c2c(cc3c1CCC3)CCC2        ,OC(=O)[C@@H](Cc1ncccn1)OC(=O)Nc1c2c(cc3c1CCC3)CCC2,0.7351146571866454,0.8424888477150083,13.568942,1.9485797,0.0053066683296365,0.0022761697337606,0.1171797416392748,0.1938127663622128,0.2177398581080953,0.09645593009993124
7,https://pubs.acs.org/doi/10.1021/acs.jmedchem.2c01551,OC[C@H](C1=CC=CC=C1)NC2=NC(NC3=CC=C(C(OC4(C)C)=O)C4=C3)=NC=C2C5=NN=CO5,OC[C@@H](N1)C2=C(OCCCCC3=CC(NC4=NC=C(C5=CN(CC(C)(O)C)N=C5)C1=N4)=CC=C3C#N)C=CC=C2        ,0.3506885300032225,0.2930013509004185,3.351028,5.744899,0.0393360636712978,0.8689472115723411,0.0697897240097805,0.0726630902809375,0.06399054054355749,0.1457987385723976
8,https://pubs.acs.org/doi/10.1021/acs.jmedchem.3c02453?articleRef=test,CC1=C2CC[C@@]([C@@H]2[C@@H]3[C@@H](CC1)[C@@H](C(=O)O3)CN(C)C)(C)O,O=C1O[C@@H]2[C@]3([H])[C@]4(CC[C@@]3(C)O)[C@](O4)(C)CC[C@H]2[C@@H]1CS(=O)(C5=C(Cl)C=CC=C5Cl)=O        ,0.6245976493991874,0.5322694220555402,13.2564945,7.3416944,0.016481804165796,0.0057853701725241,0.1140015641771442,0.2566321277103407,0.3013814457370961,0.1781777871464527
9,https://pubs.acs.org/doi/10.1021/acs.jmedchem.3c02183?articleRef=test,O=S(C1=CC(NC(C2=C(C=CC=C2)NC(C3=CC=CC=C3OC(C)C)=O)=O)=CC=C1)(C(F)(F)F)=O,O=C(N[C@H]1[C@H]([C@H]2C[C@@H]1CC2)C(NC3=CC=NC=C3)=O)C4=CC(O[C@H]5CC[C@H](CC5)C(O)=O)=C(F)C=C4OC,0.454594413631592,0.4748572765433025,7.725105,9.37488,0.3995642418292094,0.4138860727225883,0.0439467074402036,0.219202367648452,0.217595646127576,0.13661346488607146
10,https://pubs.acs.org/doi/10.1021/acs.jmedchem.4c00159?articleRef=test,COC(C(OC)=C1)=CC2=C1C(CCC3=CNC4=C3C=CC=C4)N(CC5CCOCC5)CC2,FC1=CC(C(CCC2C3=C(C=C(OCO4)C4=C3)CCN2CC5CCOCC5)=CN6)=C6C=C1,0.5590786104520351,0.6118949759798032,-11.589947,-4.7157464,0.8693304469678712,0.774149296707681,0.0577968872226491,0.0799806933370118,0.1434392947086856,0.3361728643604965
11,https://pubs.acs.org/doi/10.1021/acs.jmedchem.3c02136?articleRef=test,CC1=C2C(=CNC2=C(C=C1)NS(=O)(=O)C3=CC=CC(=C3)C#N)C#N,Cn1cc(nc1C(=O)N(C)C)S(=O)(=O)Nc2ccc(c3c2[nH]cc3Cl)Cl,0.7656841837683048,0.6831843282024401,4.127399,-11.198379,0.0015135554024004,0.0197389267057648,0.0165080132008628,0.1310142715472243,0.3156791157250838,0.08470987006255941
12,https://pubs.acs.org/doi/10.1021/acs.jmedchem.2c01767,CC(C)NCCN1C2=CC=C(C(C)=O)C=C2C2=C1C=CC(C(C)=O)=C2,CN1CCCN(CCN2C3=CC=C(C(C)=O)C=C3C3=C2C=CC(C(C)=O)=C3)CC1,0.6865119670814845,0.6202054693898937,-5.2540345,-3.6517763,0.466716889186852,0.2708458375507837,0.3303451446106485,0.1003405308078106,0.2509889279382084,0.18200659112937062
13,https://pubs.acs.org/doi/10.1021/acs.jmedchem.2c01434,OC[C@H](C1=CC=CC=C1)NC2=NC=NC3=C2C(C4=CC=CC(NC(/C=C/CN(C)C)=O)=C4)=C(C5=CC=CC=C5)O3,CN(CCN(C)C)C(C(NC(C=C)=O)=C1)=CC=C1C2=C(C3=CC=CC=C3)OC4=C2C(NC(C)C)=NC=N4,0.1962051822209896,0.279287099321386,-0.5513059,-5.3029685,0.4891539185169957,0.0989954959150798,0.0461538752184959,0.1569001386374906,0.4533538519837366,0.18319179020570614
14,https://pubs.acs.org/doi/10.1021/acs.jmedchem.4c01337?articleRef=test,O=C(NCC1=CC=C(CN2C(C(C)C)CC2)C=C1)C(C=C3)=CN4C3=NN=C4,CC(C)C1N(CC2=CC(C=NC(NC(C(C=C3)=CN4C3=NN=C4)=O)=C5)=C5N2)CC1,0.7314529100681871,0.5473052463468485,-14.806195,-8.474858,0.002700517682933,0.0128985234691683,0.0259265374009323,0.0433649577951015,0.07615876876976932,0.08695114834305123
15,https://pubs.acs.org/doi/10.1021/acs.jmedchem.3c01165?articleRef=test,FC1=CC=C(C2=NN(C3=NC(NC4=CC(C=CN5CCN(C)C)=C5C=C4)=NC=C3)C=C2)C=C1,FC1=CC=C(C2=C(C3=CC=NC(NC4=CC=C(N(CCN(C)C)C=C5)C5=C4)=N3)SC(C6CCN(S(=O)(CC)=O)CC6)=N2)C=C1,0.3956912952472996,0.1958350483820355,3.0549502,2.3870945,0.1605998372536545,0.8774722859123985,0.1986870375267632,0.5504005317199222,0.08624207401097804,0.12918113126815353
16,https://pubs.acs.org/doi/10.1021/acs.jmedchem.2c01920,ClC1=C(NCCN2CCOCC2)C(=O)C2=C(C=CC=N2)C1=O,O=C1C(NC2(C3)CC3(NC(C#CC)=O)C2)=C(Cl)C(C4=NC=CC=C41)=O,0.8855678519069914,0.7982127597802828,9.514447,15.716363,0.0113084294055123,0.0028638990936074,0.1496161196066102,0.069448056270397,0.10007414293976105,0.3781077072473732
17,https://pubs.acs.org/doi/10.1021/acs.jmedchem.3c01810?articleRef=test,O=C(NC1=CC(NCCOC)=C(C#N)C=N1)C2=CN(C)C3=C2N=C(C=O)C=C3,O=C(NC1=CC(O[C@H](C)C2=C(Cl)C=NC=C2Cl)=C(C#N)C=N1)NC3=NC(C([H])=O)=C(CN4C(CN(C)CC4)=O)C=C3OCCN5CCOCC5,0.475890045603257,0.2615219363991777,7.9309907,5.648266,0.0047759454609107,0.7369173409169367,0.0373203416915201,0.237855600961071,0.08769171381853755,0.08411394425247626
18,https://pubs.acs.org/doi/10.1021/acs.jmedchem.2c01516,O=C(OCC)C(C=C1)=CC=C1CCN(CC2)CCC2NC3=NC4=CC=CC=C4N3CC5=CC=C(C#N)C=C5,FC(C1=NOC(C(C=C2)=CC=C2CCN(CC3)CCC3NC4=NC5=CC=CC=C5N4)=N1)(F)F,0.3116157480837587,0.4357667101777374,-3.589395,-10.290607,0.9694190072213252,0.096729180963615,0.0468552541212213,0.0914119775457211,0.15245946653797968,0.06885426872521168
19,https://pubs.acs.org/doi/10.1021/acs.jmedchem.3c02287?articleRef=test,Cc1cnc(Nc2ccc(NS(=O)(=O)C)cc2)nc1c3cnn(c3)C(CC#N)C4CCCC4,CC(C)(O)Cn1cc(cn1)c2nc(NC3CCN(CC3)S(=O)(=O)C4CC4)ncc2C(F)(F)F,0.5045409862186216,0.6157043261176847,11.890396,-13.3118725,0.0112203537222046,0.0213627804426553,0.0267350458604288,0.0577849864111675,0.0954146306636183,0.04616634409547528
20,https://pubs.acs.org/doi/10.1021/acs.jmedchem.3c02355?articleRef=test,CC(C)C1=C(OC2=CN=C(N)N=C2N)C=C(I)C(OC)=C1,CC(C)C1=C(OC2=CN=C(N)N=C2N)C=C(I)C(OCC3CC3)=C1,0.7658877914401023,0.6608790315138519,6.6450458,-1.2545251,0.0413738694448753,0.074167589115223,0.0249937685947248,0.0406957611406819,0.3252848554918891,0.41285651635974085
21,https://pubs.acs.org/doi/10.1021/acs.jmedchem.3c01413?articleRef=test,CC(C)CC1=CN(CCNS(=O)(=O)N(C)C)C2=NC=C(C=C12)C1=CC=NC=C1,CC(C)Cn1cc(C(NS(=O)(=O)C2CC2)C(F)(F)F)c3ccc(cc13)c4ccccc4C(F)(F)F,0.6293077184469901,0.3554653868443754,-5.261526,9.834923,0.0116368885602593,0.3350667958653405,0.0301914787596964,0.0714187968199221,0.13703249089211517,0.18754013479311413
22,https://pubs.acs.org/doi/10.1021/acs.jmedchem.2c00947,FC1=CN=C(NC2=NC=C(C(N3CCN(CC)CC3)=O)C=C2)N=C1C4=CC=C5C(CCC(N5C(C)C)=O)=C4,FC1=CN=C(NC2=NC=C(N3CCNCC3)C=C2)N=C1C4=CC=C(C(N(CC)CC5)=O)C5=C4,0.5302260073206645,0.6220424528724524,-0.9399546,-3.8274932,0.1314955452935318,0.1370830802784358,0.5177035885193577,0.2260889182162797,0.12291711471215469,0.16971457362150227
23,https://pubs.acs.org/doi/10.1021/acs.jmedchem.2c01311,O=C(OCC)C1=CC2=CC(C3=CC(N)=CC=C3)=CC=C2N=C1,NC(C=C1)=CC=C1C2=CC=C(N=CC(C3=NOC(C(F)(F)F)=N3)=C4)C4=C2,0.5907282333049322,0.5331227780798308,0.40654218,2.4741626,0.0011724372198818,0.3919474730378739,0.0590489997942578,0.0502390541483105,0.26596959208357057,0.24880123744525476
24,https://pubs.acs.org/doi/10.1021/acs.jmedchem.3c00606?articleRef=test,O=C(C1=C(N=C(N2C1=NC=C2)NCC3=CC(NC(CCl)=O)=CC=C3)NC4=CC(OC)=CC(OC)=C4)N,O=C(N)C1=C(NC2=CC(OC)=C(N3CCOCC3)C=C2)N=C(NCC4=CC(NC(C=C)=O)=C(Cl)C=C4)N5C1=NC=C5,0.2379978200822439,0.2067740932849475,14.010654,-0.068959594,0.8094870851037492,0.8106850446949685,0.0592038349039829,0.1459278526291225,0.0704908577722877,0.15909633982043456
25,https://pubs.acs.org/doi/10.1021/acs.jmedchem.2c00670,O=C(N(CC(NC1=CC=C(OC)C=C1)=O)C)C2(CCCC2)C3=CC=CC=C3,F[C@@H]1C[C@@H](N(C1)C(=O)C1(CC(F)(F)C1)C1=CC=C(Cl)C=C1)C(=O)NC1=NC2=C(NN=C2)C=C1,0.8496822454428522,0.5967932574992721,-2.8836374,-9.016123,0.0083158142058535,0.0460811807106927,0.0293239922397379,0.0585689870287571,0.33187246968079204,0.10313856837562527
26,https://pubs.acs.org/doi/10.1021/acs.jmedchem.3c00348,Brc1cccc(c1)C(=O)N1CCN(CC1)c1ccc2cnccc2c1,Cc1cc(no1)[C@H]1CN(CCN1c1cccc(F)c1)c1cc(F)c2c(N)nncc2c1,0.6581706597285705,0.5367464109341268,0.2989875,10.359464,0.0179349351468687,0.0943992130389766,0.0179550825506088,0.1743839244302399,0.09982975438021283,0.2440472033351198
27,https://pubs.acs.org/doi/10.1021/acs.jmedchem.2c00676,C[C@H](CN(CC1)c2c(-c3nc(cccc4)c4[nH]3)nc(C(F)(F)F)[s]2)N1C(C[n]1c2ncccc2nc1)=O,C[C@H](CN(CC1)c2c(-c3nc(ccc(-c4n[o]c(C)n4)c4)c4[nH]3)nc(C(F)(F)F)[s]2)N1C(C[n]1nc(C)nc1C)=O,0.377485495428656,0.3241372261011456,13.828447,8.236341,0.0593571632634755,0.3777430999913057,0.1317015635873211,0.488298873322157,0.11636110951447198,0.10759608883465473
28,https://pubs.acs.org/doi/10.1021/acs.jmedchem.2c00921,COc1ccc(c(c1F)CNC(=O)c1cnn(c1)Cc1ccc(cc1)CN1C=CC=CC1=O)F,COCc1nn(cc1C(=O)NCc1nccc(c1F)OC)Cc1ccc(cc1)CN1C=CC=CC1=O,0.4339036546205075,0.3662651566237889,-1.0718766,-0.36650026,0.0081445200590693,0.0082682385813423,0.0355541959434949,0.0446976042587124,0.1573360360467276,0.18193257572167149
29,https://pubs.acs.org/doi/10.1021/acs.jmedchem.2c01446,CS(=O)(=O)Nc1nc(cs1)CC(=O)Nc1cccc(c1)Cl,CC(C)(C(=O)Nc1ccc(cn1)-c1cncc(n1)C(F)(F)F)c1csc(n1)NS(=O)(=O)C1CC1,0.870200853191955,0.4925320940565758,5.1205826,-1.8251437,0.0015006465387174,0.3700987317234158,0.3453057359296341,0.0735206771456448,0.10143161071708165,0.1945219734893061
30,https://pubs.acs.org/doi/10.1021/acs.jmedchem.2c01267,Cc1ccc(cc1)C2=C(C#N)C(=O)NC3=C2CCCC3,CCC[C@@H]1CNCC2=C1NC(=O)C(=C2N3CCC4(CC3)CC4)C#N,0.8600344152317846,0.8954718799386419,1.0136265,-8.554662,0.2604228394221818,0.003677948626151,0.1229753358516686,0.0149036398846919,0.0578485907658582,0.23875904280185195
31,https://pubs.acs.org/doi/10.1021/acs.jmedchem.3c01860?articleRef=test,[nH]1nc(c2c1ccnc2-c3ccc(cc3)OC)C4CC4,FC(F)Oc1ccc(cc1)N4c2c([nH]nc2C3CC3)C=C(C4=O)c6cc5nn(cc5cc6)C,0.7880199440642682,0.4219922657423132,-7.0623446,11.86763,0.0010299333875726,0.0417156437508785,0.0739010892314728,0.0867150639015969,0.07353489006781992,0.08924304025053649
32,https://pubs.acs.org/doi/10.1021/acs.jmedchem.2c00857,OC1=C(O)C=C2C(C[C@H](N(C(C=C)=O)[C@H]2CC3=CC=C(O)C(O)=C3)C(OC)=O)=C1,OC1=C(O)C=C2C(C[C@H](N(C(C3=CC=CC=C3Cl)=O)[C@H]2CC4=CC=C(O)C(O)=C4)C(OC5=CC=CC=C5)=O)=C1,0.3512305858137009,0.1556338322555497,9.665359,3.5906081,0.7126520872180219,0.9352279178949894,0.1449796854066995,0.1753445028806764,0.576428624294231,0.3036577613333945
33,https://pubs.acs.org/doi/10.1021/acs.jmedchem.2c01444,COC(=O)C1=CC(Cl)=C(CN2CCC(O)(CN3C=NC4=C(N(C)N=C4C3=O)C3=CC=C(CN)C=C3)CC2)C=C1,ClC1=C(CN2CCC(O)(CC2)CN3C=NC4=C(C5=CC=C(F)C=C5)N(C)N=C4C3=O)C=CC(C6=CC=CO6)=C1,0.3361035071982196,0.3259354118133992,5.6678,0.25213313,0.2313468234899653,0.1485860514100291,0.2402908177901827,0.0830587559262129,0.15358364123268947,0.2896287505305564
34,https://pubs.acs.org/doi/10.1021/acs.jmedchem.3c00372,COC1=C(OC)C(OC)=CC(C2=CN=C3C(C=CN3)=C2)=C1,CC1=NN(C)C(C)=C1C2=C(F)C(C3=C(NC=N4)C4=NC=C3)=CC(NS(CC)(=O)=O)=C2,0.7986470794671359,0.5057596099627065,-2.5962214,-15.076775,0.4009476507344985,0.0457839816328078,0.046515316393993,0.2658401836962285,0.32818585658935956,0.31829864878781156
35,https://pubs.acs.org/doi/10.1021/acs.jmedchem.3c01832?articleRef=test,CC(C)C1=C2N=C(NC[C@@H]3[C@@H](O)CNCC3)C=C(NCC4=CC=CC=C4)N2N=C1,CC(C)C1=C2N=C3N=C(NCC4=CC=CC=C4OC[C@@H](O)CCCC5(CCNCC5)CN3)N2N=C1,0.4930250349810918,0.4195724034960116,-2.200761,1.2368287,0.0153566039070474,0.1699561187731236,0.0466167723035348,0.0408422794690498,0.12456146494121774,0.13125739383904395
36,https://pubs.acs.org/doi/10.1021/acs.jmedchem.3c02304?articleRef=test,FC(F)(F)C1=CC=CC=C1C2=NOC(C3CC3)=C2COCC4(F)CC5CCC(N5C6=NC7=C(C=C(C(O)=O)C=C7F)S6)C4,O=C(O)C1=CN(CC)C2=C1C=CC(N3CCC4(CC(COCC5=C(C6CC6)ON=C5C7=CC=CC=C7OC(F)(F)F)C4)CC3)=C2,0.2019419816782733,0.1914556043489506,8.273338,2.4388309,0.5712431361700206,0.4526048652485044,0.6971729266015098,0.4617161861317853,0.10590722359541734,0.19650890901974377
37,https://pubs.acs.org/doi/10.1021/acs.jmedchem.4c02093?articleRef=test,CC1=C(CCCCC)C=C(N1)/C=C2C(OC)=CC(C3=CC=CN3)=N/2,CC1=C(CCCCC)C=C(N1)/C=C(C(OC2=CC=CC=C2)=C3)\N=C3C4=CC=CN4,0.7092947055344944,0.4462852444311097,3.7317634,5.8195486,0.006796008858391,0.1714162319124108,0.0122223959851155,0.0148833486240402,0.09082208843429064,0.09274490286392892
38,https://pubs.acs.org/doi/10.1021/acs.jmedchem.3c01273?articleRef=test,CC1=NC(C2=NC3=CC=CC=C3C(NC4=CC=NC=C4)=N2)=CC=C1,CC1=NC(C2=NC3=C(C=CN3C)C(NC4=CC=NC=C4)=N2)=CC=C1,0.615642751097016,0.6265056797376146,-12.791274,-13.706505,0.0054839984479669,0.001601216803676,0.0102151218592058,0.0147034849357583,0.12177782449676695,0.17427992725382602
39,https://pubs.acs.org/doi/10.1021/acs.jmedchem.3c00932?articleRef=test,ClC1=CC=C2C(SC(N3CCC(CCOC4=CC(CC(O)=O)=CC=C4Cl)CC3)=N2)=C1,ClC(C=CC(CC(O)=O)=C1)=C1OCCC(CC2)(N3CCCC3)CCN2C4=NC5=CC=C(C(F)(F)F)N=C5S4,0.4697528678238802,0.3626289838565193,-5.254156,8.000501,0.0173471096465674,0.151961492262392,0.0720901482148012,0.1803153975739539,0.17382852343742292,0.14799345008452008
40,https://pubs.acs.org/doi/10.1021/acs.jmedchem.2c01641,COc1ccc(cc1)C2(CCCC2)C(=O)N3CCC[C@@H]3C(=O)Nc4cccc5[nH]ncc45,COc1ccc(cc1)C2(CCC(F)(F)CC2)C(=O)N3C[C@H](F)C[C@@H]3C(=O)Nc4ccc5[nH]ncc5n4,0.6376789541376415,0.5508306197754332,-0.03441024,-1.7306253,0.0622371087533333,0.0789002070905707,0.0356868959584715,0.1737627279636985,0.42785829412814264,0.0707700384026595
41,https://pubs.acs.org/doi/10.1021/acs.jmedchem.4c00354?articleRef=test,OC1=CC=C(C[C@@]2(C(OC)=O)OC(C(O)=C2C3=CC=C(O)C=C3)=O)C=C1C/C=C(C)/C,OC1=CC=C(C[C@@]2(C(C)=O)OC(C(O)=C2C3=CC=C(O)C=C3)=O)C=C1C/C=C(C)/C,0.4796945063169929,0.4929620754685818,-9.739887,-9.238379,0.0075102132563444,0.0429381140230607,0.8011941222892539,0.8577695289136145,0.7774326934794374,0.7014556966908309
42,https://pubs.acs.org/doi/10.1021/acs.jmedchem.2c01597,OC(C1=CC(OCC2=CC=CC=C2)=C(N=C(NC(C3=C(Cl)C(Cl)=C(C)N3)=O)S4)C4=C1)=O,O=C(C1=C(Cl)C(Cl)=C(C)N1)NC2=NC3=C(OC(C)C4=CC=CC=C4)C=C(C(O)=O)C=C3S2,0.3278877355123588,0.2930611991024101,2.7380743,3.6624866,0.0509675199942766,0.1620323295053711,0.0956454253722073,0.2099096084748186,0.3686628870648561,0.16740691501259436
43,https://pubs.acs.org/doi/10.1021/acs.jmedchem.3c01034?articleRef=test,O=C1C(C=CC=C2)=C2N=NN1CC(N[C@@H](C)C3=CC=C(OC(F)(F)F)C=C3)=O,O=C1N(CC(N[C@@H](C)C2=CC=C(OC(F)(F)F)C=C2)=O)N=CC3=CC=CN31,0.7213685204998176,0.736756904458741,-7.9202228,-2.8702366,0.0018614114219545,0.0012593637512525,0.1185954410277102,0.1844541889644016,0.5417111302867534,0.6234095296369159
44,https://pubs.acs.org/doi/10.1021/acs.jmedchem.4c00175?articleRef=test,CC1=CC=C(C(NC2=CC(N(C)C)=CC=C2)=O)C=C1C#CC3=CN=C4N3N=CC=C4,CC1=CC=C(C(NC2=CC(N(C)C=C3C4=CC=C(OCOC)C=C4)=C3C=C2)=O)C=C1C#CC5=CC=NC6=C5C=NN6,0.5367943385209015,0.1975086145486052,8.188009,5.5097723,0.0028490957315082,0.8014889539764707,0.0156824196773458,0.0211761821509792,0.09397495455283725,0.0923831108228057
45,https://pubs.acs.org/doi/10.1021/acs.jmedchem.3c01905?articleRef=test,COC1=CC=C(C=C1)C(=O)N2CCN(CC2)C(=O)/C=C/C3=CC=C(C=C3)Br,BrC1=CC=C(/C=C/C(N2CCN(C(C3=CC=C(N=C(N)S4)C4=C3)=O)CC2)=O)C=C1,0.7000998529144948,0.5920682396522176,2.8296967,4.653462,0.0220691407505428,0.0122947843277227,0.0348227676952244,0.0328092977451836,0.29751000230409674,0.46707766300579595
46,https://pubs.acs.org/doi/10.1021/acs.jmedchem.3c01011?articleRef=test,CC(C)N1N=C(C2=C1C=C(COC1=CC=C(C=C1)C(C)CC(O)=O)C=C2)C1=CC=CC=C1,C[C@H](C1=CC=C(OCC2=CC3=C(C(F)=C2)C(C4=CC(Cl)=C(CO)C(Cl)=C4)=NN3C5CCCC5)C=C1)CC(O)=O,0.3506091405772399,0.2133207503847634,3.8179445,7.0269675,0.0700867253210308,0.5939217758193502,0.0818303518925469,0.7698023137884488,0.14670908932472024,0.17918790192790862
47,https://pubs.acs.org/doi/10.1021/acs.jmedchem.4c00572?articleRef=test,N1=C(N2CCN(C(C=C)=O)C[C@@H]2C)c(cc3Cl)c(nc3c(c(F)ccc4)c4OCCc(c56)cccc5)N6C1=O,N1=C(N2C[C@@H](C)N(C(C=C)=O)C[C@@H]2C)c(cc3C)c(nc3c(c4OCCOc5c6c(C(C)C)ncc5)c(F)ccc4F)N6C1=O,0.3474246930700168,0.2987048681726627,9.690804,8.426842,0.1754036729897932,0.3555755181790972,0.0426303836478869,0.4999798199358294,0.15307397422328,0.10638391970758418
48,https://pubs.acs.org/doi/10.1021/acs.jmedchem.2c01379,O=C(NC1=CC=C(OC(C2=CC=CC(C)=C2)=N3)C3=C1)C4=CC([N+]([O-])=O)=CC=C4Cl,O=C(NC1=CC=C(OC(C2=CC=C(CC)C=C2)=N3)C3=C1)C4=CC([N+]([O-])=O)=CC=C4Cl,0.3495251295561488,0.320616218127653,-0.5633755,-1.4205586,0.1974850274283591,0.0928741403538152,0.0609283357537191,0.0738715851603547,0.1653545740629057,0.13512873875288142
49,https://pubs.acs.org/doi/10.1021/acs.jmedchem.3c02329?articleRef=test,CC1=NC=C(N1C(C)C)C2=NC(=NC=C2)NC3=CC=C(C=C3)S(=O)(=O)C,CC(C)N1N=NC2=C1C=C(C=C2)C1=CC=NC(NC2=CC=C(C=N2)C(=O)N2CCCN(C)CC2)=C1,0.7394031145969058,0.4714479781464972,-9.6684885,-9.294211,0.0069718303582888,0.9679297189901808,0.1482557147580113,0.1155633172980501,0.20808115919392134,0.22622856203688424
50,https://pubs.acs.org/doi/10.1021/acs.jmedchem.4c01548,CC(=O)N1CCC(CC1)NC2=NC=NC(=C2)C(=O)NC[C@@H](CN3CCC4=CC=CC=C4C3)O,O=C1C2=CC(NC3CC4(CN(C(C)=O)C4)C3)=NC=C2C5(CC5)CN1C[C@H](O)CN(CC6)CC7=C6C=CC=C7,0.575867536222434,0.6144634516041166,-0.3951999,12.711141,0.0987419077022944,0.1687500693979665,0.0508827709467689,0.0360747492876446,0.10273915091357814,0.22336069020385702
51,https://pubs.acs.org/doi/10.1021/acs.jmedchem.1c02030,O=S(C1=CC=CC(NC(C2=C(N=CC=C2)N3CCCCC3)=O)=C1)(C4CCCC4)=O,CC(C)(C)NS(=O)(=O)c1cccc(NC(=O)c2ccc(NS(=O)(=O)C3(C)CC3)cc2N4CCC5(CC4)CC5)c1,0.8002116651083242,0.420210512393332,-6.450917,5.8811827,0.0038400494307468,0.2301208035371694,0.0462603475907749,0.2441092137682557,0.1785987692055015,0.07250828504583991
52,https://pubs.acs.org/doi/10.1021/acs.jmedchem.4c02017?articleRef=test,CN(C(CN1CCNCC1)=C2)C3=C2C(C4=CC=C(C#N)C=C4)=C(C5=CC=C(C)C=C5)N=C3,N[C@@H](CC1)CN1CC2=CC3=C(N2CC(F)(F)F)C=NC(C4=CC(C)=C(C)C=C4C)=C3C5=CC(F)=C(C#N)C=C5,0.5274077688417119,0.3003192175626347,-3.6232247,10.178558,0.4662275334576422,0.4564490291119348,0.0639666368265984,0.3886962619961727,0.08357606338290868,0.1387612459759377
53,https://pubs.acs.org/doi/10.1021/acs.jmedchem.3c01145?articleRef=test,n(C1)(ncc2c(cc3)ccc3F)c2CN(C1)C(=O)Nc4ccccc4,C[C@H]1Cn2c(c(N3CCOCC3=O)cn2)CN1C(Nc4cc(Cl)c(F)cc4)=O,0.7749756661658344,0.8289928797332626,-0.2572894,-18.28417,0.0189910439033467,0.0036372531362676,0.049775383396834,0.2973746906902231,0.3371892139529496,0.13658528092174954
54,https://pubs.acs.org/doi/10.1021/acs.jmedchem.2c01521,Clc(c(C)c(nc1C2CC2)Cl)n1,c1nc([C@@H]2[C@@H](COc3cc(NCc4sc(C)nn4)nc(C)n3)C2)ccc1C,0.6553566601678216,0.6696761149514431,15.283591,0.8752991,0.9988826471633392,0.0040710529129494,0.0229648090168472,0.0169563302718104,0.09030587586052494,0.1449921225684184
55,https://pubs.acs.org/doi/10.1021/acs.jmedchem.2c01431,O=C(C1=CC(OC2=CC(C)=CC(C)=C2)=C(NC(C3=CC(OC)=CC(OC)=C3)=O)C=C1N4)N[C@@H](CC(OC)=O)C4=O,O=C(C1=C(Br)C(OC)=C(OC)C(OC)=C1)NC2=C(OC3=CC(C)=CC(C)=C3)C=C4C(NC([C@H](CC(N(CC)CC)=O)N(C)C4=O)=O)=C2,0.3598344351842555,0.2554993890885834,15.258313,16.73187,0.3687902764705016,0.8762620360489298,0.2982880560110932,0.7126802609701578,0.5585036083365683,0.5002299290175257
56,https://pubs.acs.org/doi/10.1021/acs.jmedchem.2c01438,CC1=CC=C2C(C=NN2)=C1C3=C(C)N(C4=CC=C(NC(C=C)=O)C=C4)N=C3,C=CC(=O)N8CC1(CC(C1)N2N=C(C(=C2C)c3c(Cl)c(C)cc4NN=Cc34)c7cc6C=NN(CCN5CCOCC5)c6cc7)C8,0.5386471308743803,0.2438421361698339,-2.949959,14.095795,0.0173552855748352,0.6533315014949684,0.0384258654464928,0.0887481822437191,0.06275790938527151,0.0637375146798769
57,https://pubs.acs.org/doi/10.1021/acs.jmedchem.2c01336,C[C@]1(CC(=O)N(C2CCOCC2)C(=N)N1)c1cccc(c1Cl)Nc1ccccc1,C[C@@H]1C[C@@H](CCO1)N1C(=N)N[C@@](C)(CC1=O)c1cccc(c1Cl)NC(=O)c1cccc(c1)C#N,0.7016576065038173,0.6119987137289347,-1.1832447,-0.09440601,0.0160674329624564,0.0822795498293087,0.116829513600066,0.041773607166366,0.07016283172187082,0.1580725363705654
58,https://pubs.acs.org/doi/10.1021/acs.jmedchem.2c01287,ClC(N=C1N)=NC2=C1N=CN2[C@H]3[C@H](O)[C@@](O)[C@@H](COC(C(O)=O)(CC4=CC=CC=C4)C(O)=O)O3,ClC(N=C1N)=NC2=C1N=CN2[C@H]3[C@H](O)[C@@](O)(C#C)[C@@H](COC(C(O)=O)(CC4=CC=C(N5C(NCCC5)=O)C=C4)C(O)=O)O3,0.2138450804202188,0.1037446714329996,-6.2618594,0.3850367,0.180351921814258,0.89331094318884,0.6611430570243861,0.6474798510075633,0.15684282923818166,0.623342653750291
59,https://pubs.acs.org/doi/10.1021/acs.jmedchem.2c01133,Cc1c(Cc2ccccc2)c(-c2cc(Cl)nc(N)n2)nn1C,Nc1nc(Cl)cc(-c2nn(C(F)F)cc2Cc2ccccc2OCCN2CCOC[C@H]2CO)n1,0.7545959473072128,0.4366232290178819,-18.095787,-4.629547,0.0015134635937478,0.0919031207979134,0.1422709859042771,0.1230433490123834,0.21056496383918732,0.4777714673851037
60,https://pubs.acs.org/doi/10.1021/acs.jmedchem.3c00894?articleRef=test,CC(C)(O)C1=COC(=C1)S(=O)(=O)NC(=O)NC1=C2CCCC2=CC2=C1CCC2,CN(C)CC1=CC=C(C=C1)S(=O)(=O)NC(=O)NC1=C2CCCC2=CC2=C1CCC2,0.7258711149849274,0.7888460444688341,14.636348,8.036227,0.0039802158402459,0.1716341571834008,0.1806361316907003,0.1808220416013045,0.19103845014979454,0.18325792957584533
61,https://pubs.acs.org/doi/10.1021/acs.jmedchem.2c00960,COc1ccc(nc1)Nc1nc(cs1)-c1ccccn1,CC(C)Oc1ccc(nc1)-c1nsc(n1)Nc1ncccc1N(C)C(=O)C,0.7957680079102578,0.6949273874095705,-14.531714,-1.0074437,0.0013330818155139,0.0012503772542555,0.008837695282745,0.0491307539893252,0.15857035771934394,0.1251482091709178
62,https://pubs.acs.org/doi/10.1021/acs.jmedchem.3c00787,N#CC1=C(C=CC=C1)C(C=C2)=CC=C2CNC(C(OC(C)=C3)=C(O)C3=O)=O,FC1=C(CNC(C2=NN(C3=CC=CC=C3)C(C)=CC2=O)=O)C(F)=CC(C4=CC(S(=O)(F)=O)=CC=C4)=C1,0.7439114401933858,0.3921608368680928,5.802692,5.877213,0.0050827523884827,0.857271261540156,0.0176918638666906,0.0626589137741004,0.41836943349817995,0.0780760654999183
63,https://pubs.acs.org/doi/10.1021/acs.jmedchem.2c00008,CC(C1=C(C=CC(=C1)F)C2=C(C3=C(S2)C=C(C=C3)O)OC4=CC=C(C=C4)/C=C/C(=O)O)(F)F,CC(F)(F)C(C=C(F)C=C1)=C1C2=C(OC3=CC=C(OC4CN(CCCF)C4)C=C3)C5=CC=C6NN=CC6=C5S2        ,0.2879640492728971,0.1878820203326165,9.386974,7.6024795,0.2823661463038578,0.7216961154158584,0.2470740477591887,0.1630149740494252,0.19170818241589313,0.5840923229537841
64,https://pubs.acs.org/doi/10.1021/acs.jmedchem.4c01933,CC(C)N1[C@H](C)C(=O)N(C)C2=CC=C(NC3=NC=CC(=N3)C3=CN=CC4=C3C=CC=C4)C=C12,CN(C(C=C1)=C(N(C(C)C)[C@@H]2C)C=C1NC3=NC=C(F)C(C4=C(C)N(C)N=C4C5CC5)=N3)C2=O,0.4825236909718414,0.5991885903158046,-9.385288,-4.029271,0.168575511126995,0.012103399416503,0.0700822327922311,0.201294664075299,0.07979948296897449,0.11300485977978122
65,https://pubs.acs.org/doi/10.1021/acs.jmedchem.2c01618,CC(=C)[C@@H]1CC[C@]2([C@H]1[C@H]3CC[C@H]4[C@]([C@@]3(CC2)C)(CC[C@@H]5[C@@]4(CC=C(C5(C)C)C6=CC[C@@](CC6)(CF)C(=O)O)C)C)NCCN7CCS(=O)(=O)CC7,CC([C@@H]1CC[C@]2(NCC[C@@]3(O)CC[C@H](S(C)(=O)=O)CC3)CC[C@@]4(C)[C@]5(C)CC[C@@]6([H])C(C)(C)C(C7=CC[C@@](C(O)=O)(CF)CC7)=CC[C@]6(C)[C@@]5([H])CC[C@]4([H])[C@]21[H])=C,0.2445907959567168,0.20197321977103,9.430449,8.091012,0.9429218370406344,0.6824809114736798,0.7988961019705277,0.898345382171021,0.27589768944801635,0.18594778955248115
66,https://pubs.acs.org/doi/10.1021/acs.jmedchem.2c00267,C1COCCN1C2=NC(=NC(=C2)C3=CN=C(C=C3C(F)(F)F)N)N4CCOCC4,NC(N=C1)=NC(C(F)(F)F)=C1C2=NC(N3CCOCC3)=NC(N4[C@@H](CO)COC4=O)=C2,0.8197353914743168,0.6963239997411721,-7.3776345,6.786778,0.3412092176025835,0.2072272219500361,0.0958456599543319,0.8066305399564726,0.32127625420919526,0.21603330224050477
67,https://pubs.acs.org/doi/10.1021/acs.jmedchem.4c01984?articleRef=test,O=C1N(C(CC1)(C)C2=NC3=CC(C4=C(ON=C4C)C)=CC=C3N2[C@H]5CC[C@@H](CC5)OC)C6=CC=C(C(F)=C6)F,O=C1N(C2=CC(F)=C(F)C=C2)[C@H](C3=NC4=CC(C5=C(C)ON=C5C)=CC=C4N3[C@H]6CC[C@H](OC([2H])([2H])[2H])CC6)C[C@@H]1F,0.2829247790487468,0.2871947280290908,-1.9286914,-2.086226,0.6055559903823278,0.4548655544201854,0.4090490287144567,0.4274255937510622,0.06375707271959016,0.10674263055608543
68,https://pubs.acs.org/doi/10.1021/acs.jmedchem.3c00319,CN1CCN(C2=CC=C(NC3=NC(NC[C@H]4CCCO4)=C(Cl)C=N3)C=C2)CC1,O=C1N(C[C@@H]2OCCC2)C3=NC(NC4=CC=C(N5CCN(C)CC5)C=C4OCC)=NC=C3C=C1C6=CC(NC(C7=CC(C(F)(F)F)=CC=C7)=O)=CC=C6,0.7685033496228151,0.1604101394952881,-7.673868,6.942118,0.0373726134055494,0.7544394164560275,0.0924277400875826,0.8734759204181183,0.11086640282402042,0.11287320590294972
69,https://pubs.acs.org/doi/10.1021/acs.jmedchem.3c02397?articleRef=test,O=C(NC)[C@H](CCC1=CC=CC=C1)NC(C2=CC(Cl)=C(Cl)N2)=O,O=C(N[C@@H](C)C1=NC=C(CN(C2CCN(C)CC2)C3)C3=N1)[C@]4(NC(C5=CC(Cl)=C(Cl)N5)=O)CO[C@H](C6=CC=CC=C6)C4,0.7463648961846141,0.369300337466574,-13.143531,-0.14763105,0.002036013224875,0.4512847181020097,0.023309557132842,0.2955782705343324,0.08813218754059729,0.28647138730529137
70,https://pubs.acs.org/doi/10.1021/acs.jmedchem.4c01395?articleRef=test,O=S(C1=CC=C(C2=NC(C(NCC3=CN(C4=CC(Br)=CC=N4)N=N3)=O)=CS2)C=C1)(C)=O,C[C@@H](C1=CN(C2=CC(C(F)(F)F)=CC=N2)N=N1)NC(C3=CN=C(C4=CC=C(S(=O)(C)=O)C=C4)S3)=O,0.4161054363546742,0.4100570036481558,-1.4248048,-2.3200018,0.6865879597356089,0.5841879625461457,0.0490421657515354,0.0912963537700348,0.11312858744179866,0.09452468261679135
71,https://pubs.acs.org/doi/10.1021/acs.jmedchem.2c01647,ClC1=CN=C(NC2=C(OC(C)C)C=C(C3CCNCC3)C(C)=C2)N=C1NC4=CC=CC5=C4C=CC=C5,CC(C=C1NC2=C(C=NC(C3=CC=CC=C3)=N2)Cl)=C(C=C1OC(C)C)C4CCNCC4,0.2459945111275387,0.4882469938859286,-0.48459876,-11.323251,0.0922470211944784,0.2781443247962188,0.102627963690007,0.0618309856376224,0.10247795306096416,0.096546065731075
72,https://pubs.acs.org/doi/10.1021/acs.jmedchem.4c01450?articleref=tested,NC1=NC=C(C2=CN(C3CCNCC3)N=C2)C=C1C(NC4CCCC4)=O,O=C(N[C@H]1CCC[C@@H]1OCC2=CC=C(C3=CC4=C([C@H](CCC4)N5CCN(C[C@@H](CO)O)CC5)C=C3)C=C2)C6=C(N)N=CC(C7=CC=CN=C7F)=C6,0.7812212514915247,0.164136431177777,12.205723,-1.0448203,0.0048442324272632,0.9607380853063212,0.0310511318335096,0.2540795488538194,0.11804689295313156,0.06694956376639435
73,https://pubs.acs.org/doi/10.1021/acs.jmedchem.4c00475?articleRef=test,O=C(N1N=C(C2=CC=CC=N2)N=C1N)C3=CC=C(NC(C4=CC=CC=C4)=O)C=C3,O=C(N1N=C(C2=CC=CC=N2)N=C1N)C3=C4C(C=CC=C4)=C(N5CCN(C(C)C)CCC5)C=C3,0.558878522620357,0.5016302854153128,-1.6794928,-5.7497115,0.005429055961319,0.0147385296941507,0.1051096919703734,0.0380890827791819,0.16454780363979815,0.345982288401767
74,https://pubs.acs.org/doi/10.1021/acs.jmedchem.3c00156,O=C(C1=CC=C2N=C(OCCN3CCCC3)C=CC2=C1)NC4=CC(NC(C5=CC=C6OCCOC6=C5)=O)=CC=C4C,O=C(C1=CC=C2N=C(CN3CCN(CC)CC3)C=CC2=C1)NC4=CC(NC(C5=CC=C6OCCOC6=C5)=O)=CC=C4F,0.3061416383271569,0.3305948968537118,3.3514333,-0.13573277,0.8046089293694001,0.3060154365938443,0.1583067160461876,0.7574507117711732,0.23965874086299657,0.12934755423385763
75,https://pubs.acs.org/doi/10.1021/acs.jmedchem.2c01082,CC1=CC(=C(C=C1C)S(=O)(=O)NC2=CC3=C(C=C2)N(CCC3)C(=O)C4=CC=CO4)OC,O=S(NC1=CC=C(N(C(C2=CC=CC=C2)=O)CCC3)C3=C1)(C4=C(OC)C=C(C)C(Cl)=C4)=O,0.6390432971087766,0.5657066846556217,0.38407338,5.2936788,0.007328030097545,0.079907473896347,0.1884817898843067,0.1513561209998545,0.3449462920370669,0.2468384431518041
76,https://pubs.acs.org/doi/10.1021/acs.jmedchem.3c00011,COC1=C(OC)C(OC)=CC(C2=CC=CC3=C2N=C(C4=CC=CC5=C4C=CN5C)N3)=C1,COC1=C(OC)C(OC)=CC(C2=NC=CC3=C2N=C(C4=CC=CC5=C4C=CN5C)N3)=C1        ,0.418237393762468,0.4467610075717713,-5.3838844,-2.9374585,0.0996697264083113,0.1392396960503172,0.0175769080099824,0.0181851433723303,0.13188162579504584,0.11279049753942194
77,https://pubs.acs.org/doi/10.1021/acs.jmedchem.1c02215,c1ccc(c(c1)C(=O)Nc2ccc3c(c2)oc4c(c3=O)cccc4F)F,c1cc2c(=O)c3ccc(cc3oc2c(c1)Cl)N4CC[C@H](C4)C(=O)O,0.541947753228478,0.7208870560593685,-9.406015,-2.628745,0.0429525665839082,0.0063846701906273,0.0849220958151826,0.4838672349585208,0.4456559433615057,0.23046097857603082
78,https://pubs.acs.org/doi/10.1021/acs.jmedchem.2c00474,FC1=CC(C2=CSC(NC(CC3=CC=CC(OC)=C3)=O)=C2)=CC=N1,COc1cccc(c1)[C@@H](C)NC(=O)N1CCN(C[C@H]1C)c1ccncc1F,0.7091462730109958,0.8954151345223533,-9.438908,-6.372772,0.000996730202119,0.0070978058132657,0.0091213633318734,0.0387023324300303,0.15375122579329065,0.07273935491099073
79,https://pubs.acs.org/doi/10.1021/acs.jmedchem.4c00290?articleRef=test,C1=NC=C(N1)c2ccc(cc2)Oc3ccccc3,OC4CCN(Cc1ccc(cn1)Oc2ccc(cn2)C3=CC=NN3)CC4,0.749197840171328,0.7346924673378884,6.831577,-15.414824,0.1823784429448712,0.0067953820385611,0.0155583747178064,0.0493944271154423,0.15114422316023618,0.11912141658559428
80,https://pubs.acs.org/doi/10.1021/acs.jmedchem.4c00349?articleRef=test,C[C@@]12C(CC[C@]3([H])[C@]2([H])CC[C@@]4(C)[C@@]3([H])CC[C@@H]4[C@@H](C)CO)=CC(CC1)=O,C[C@H](C(NCC)=O)[C@H]1CC[C@@]2([H])[C@]3([H])CC=C4C(C)(C)C5=C(SN=N5)C[C@]4(C)[C@@]3([H])CC[C@@]21C,0.7921426257043812,0.6267296361848879,15.508307,11.568546,0.9996883262354468,0.1046399210512297,0.9611022049077136,0.3742991050370383,0.1229507007157302,0.8925982442224335
81,https://pubs.acs.org/doi/10.1021/acs.jmedchem.2c00986,CC1=NC2=C(C=C(C(OC3)=C2)N4[C@@H]3CN(CC4)C(C5(C#N)CC5)=O)C(N[C@@H](C6=C(C(C(F)F)=CC=C6)F)C)=N1,CC1=NC2=C(C(N[C@H](C)C3=C(F)C(C(F)F)=CC=C3)=N1)C=C(N4[C@@H]5CN(C(C6(C#N)CC6)=O)CC4)C(OCC5)=C2        ,0.495711159605628,0.4613178636477419,9.480944,10.269827,0.4656779928498178,0.5095191783542259,0.0770830077428219,0.1001494089022378,0.04982834075545349,0.052759689046669056
82,https://pubs.acs.org/doi/10.1021/acs.jmedchem.3c01596?articleRef=test,C/C(C1=NC=CC=C1)=N\N=C2N(C)C(C=CC=C3)=C3N\2,C/C(C1=NC=C(F)C=C1)=N\N=C2N(C)C(C=C(F)C(F)=C3)=C3N\2,0.5603337057081041,0.5728051092523371,-7.222268,1.1707276,0.0052138868490231,0.0676492015571851,0.0341485568908431,0.0827486831876386,0.2142982348024111,0.16925775648400135
83,https://pubs.acs.org/doi/10.1021/acs.jmedchem.3c02413?articleRef=test,CN(C)S(=O)(=O)c1cccc(c1)C(=O)N2CCCC[C@@H]2C(=O)Nc3ccc(Cl)c(Cl)c3,CS(=O)(=O)c1cncc(c1)C(=O)N2[C@@H]3C[C@@H]3C[C@@H]2C(=O)N[C@H](C4CC4)c5cc(F)c(cc5F)C(F)(F)F,0.6982280020608437,0.5615827269654388,0.043388963,5.548166,0.0018490126456495,0.0861259062365641,0.0305562650156153,0.079231324907568,0.1904447378061749,0.3976530469749086
84,https://pubs.acs.org/doi/10.1021/acs.jmedchem.2c00775,Cc1nc(nc(NCc2ccccc2)c1Cl)c3ccccn3,C1CN(CC1c2ccccn2)c3nc(nc4ccccc34)c5ccccn5,0.7875127192058836,0.5553818760520943,-5.81126,-11.692493,0.0049369782802392,0.0320028128627273,0.0080546049849365,0.0084957347808881,0.11857318099732908,0.12755962620683875
85,https://pubs.acs.org/doi/10.1021/acs.jmedchem.2c00081,CC1=CC=CC(C)=C1NC(=O)C(\NCCCC1=CC=CC=C1)=C\C1=CNC2=CC=CC=C12,O=C(NC1=C(C)C=CC=C1C)C2=CC3=C(C(CCC4=CC=CC=C4)=N2)NC5=CC=CC=C53,0.2409063710308894,0.3476633082717207,10.392431,7.19078,0.3952271144873376,0.4215251513388877,0.011032189217238,0.005465505094282,0.10489485696056149,0.1291694964060821
86,https://pubs.acs.org/doi/10.1021/acs.jmedchem.4c01073?articleRef=test,O=C(C1=C(SC)N=CC=C1)NC2=NC(C3=CC4=C(C=CC=C4)C=C3)=CS2,O=C(C1=C(SC)N=CC=C1)NC2=NC(C3=CC(NC4=CC=C(C#N)C=C4)=CC=C3)=CS2,0.4882967319342816,0.3663621652520566,0.7963165,-0.9379293,0.1157600096987698,0.3038518109671724,0.0058319432272914,0.0107847687381579,0.05537421916377215,0.10380482728052136
87,https://pubs.acs.org/doi/10.1021/acs.jmedchem.3c02008?articleRef=test,C1COCCN1C(=O)C2=CC=C(C=C2)C3=CN4C(=NC=C4C5=CC=C(C=C5)C#N)C=C3,O=C(N1CCC(N2CCCCC2)CC1)C(C=C3)=CC=C3C(C=C4)=NN5C4=NC=C5C6=CC7=C(C=CC=C7)O6,0.5135235556762653,0.3042530632283742,-7.317741,8.804275,0.0191518246121577,0.3514475941048386,0.0329848698745582,0.0479966203800012,0.10792663315334472,0.07625006634521424
88,https://pubs.acs.org/doi/10.1021/acs.jmedchem.4c00520?articleRef=test,CNC1=NC(=NC=C1Cl)NC2=C(C=C(C=C2)C(=O)N3CCOCC3)OC,COC(C=CC1=C2)=C2NC3=NC=C(C(F)(F)F)C(NCCCN(C)C1=O)=N3,0.8265192645674655,0.7902199105243867,-5.527096,-0.9312584,0.0241381487816774,0.0343981878349926,0.0897906121583298,0.1896041363629044,0.31561859159521954,0.35401515614738704
89,https://pubs.acs.org/doi/10.1021/acs.jmedchem.3c02099?articleRef=test,CSC1=NN2C(S1)=NC(C3=CC4=CC=CC=C4O3)=C2,FC(C=C1)=CC=C1OCC2COC3=CC=C4C(OC(C5=CN6C(SC(OC)=N6)=N5)=C4)=C3O2,0.52396950970165,0.385629761782946,-1.0131536,-13.576217,0.0373861834982384,0.0054755394481582,0.0174920343145919,0.0251160134144196,0.09389168368622126,0.1233795923239032
90,https://pubs.acs.org/doi/10.1021/acs.jmedchem.3c00082,O=C(NC1CCCCC1)NC2=NC3=CC(C4=CC=C(OCCCN(C)C)N=C4)=CC=C3N=C2,CN(C(NC(C)C)=O)C1=NC2=CC(C3=CC=C(OCCCN4CCCCC4)N=C3)=CC=C2N=C1,0.4939172501170614,0.4964110518203896,-0.1575433,-2.1773138,0.0402114355282255,0.8431788089402007,0.0284086254934077,0.0573786757595129,0.20229166395992815,0.2733312250759131
91,https://pubs.acs.org/doi/10.1021/acs.jmedchem.3c00110,C1=CC2=NN=CN2N=C1N1CCN(C(CC2=CC(Cl)=C(Cl)C=C2)=O)CC1,C1=CC(N2CCN(C(CC3=CC(C(F)(F)F)=C(F)C=C3)=O)CC2)=NN2C1=NN=C2,0.685801761612883,0.6218692481674281,-6.7134376,-5.4167886,0.0008864260399831,0.0014330693120597,0.0380840419505354,0.0857459103552799,0.2362635615543311,0.1485414602397205
92,https://pubs.acs.org/doi/10.1021/acs.jmedchem.3c00358?articleRef=test,O=C1C=C(CC2=CC=CC3=C2C=CC=C3)C(C4CC4)=C5N1C(C([OH])=O)CS5,O=C1C=C(C2=CC(C3=CC=C(C(C)(C)C)C=C3)=NO2)C(C4CC4)=C5N1C(C([OH])=O)CS5,0.7402211349755133,0.6140939488452664,5.36464,11.572611,0.0021633782098802,0.0482679690626257,0.1699598431505979,0.2130523723612889,0.315151169958982,0.1159575754631931
93,https://pubs.acs.org/doi/10.1021/acs.jmedchem.4c01605?articleRef=test,C1CN(CC2=C1N3CCN=C3N(C2=O)CC4=CC=C(C=C4)C(F)(F)F)CC5=CC=CC=C5,O=C1N(CC2=CC=C(Br)C=C2)C3=NCCN3C4=C1CN(CC5=CC(C#N)=CC=C5)[C@H](C)C4,0.7245987115431821,0.6529403231425541,-8.383996,-3.9088612,0.0334351734152102,0.0069972671124103,0.0659024887378341,0.0056400089486382,0.0873864382526674,0.14186846537791054
94,https://pubs.acs.org/doi/10.1021/acs.jmedchem.2c01452,C[C@@H](COCCC(=O)N1CCN(CC1)C2=NC=C(C=N2)C(F)(F)F)NC3=C(C(=O)NN=C3)C(F)(F)F,O=C1NN=CC(N[C@@H](C)CN(C2)CC2C(N3CCN(C4=NC=C(C(F)(F)F)C=N4)CC3)=O)=C1C(F)(F)F,0.3996794470280841,0.5392581770462781,4.0509915,7.7787986,0.8048477897373704,0.6077677273141453,0.2091477645890434,0.1870248106087879,0.14708173925144702,0.3280021758630562
95,https://pubs.acs.org/doi/10.1021/acs.jmedchem.2c01089,Cc1ncsc1CCOc2ccc(cc2)c3ccn[nH]3,CC(=O)N1CCC(COc2ccc(nc2)c3ccn[nH]3)CC1,0.7806909568715213,0.9384612687503068,2.647369,-14.869634,0.0014921421536476,0.0011501561639347,0.0203164700260807,0.0175095944774143,0.10095827642753714,0.093757916190745
96,https://pubs.acs.org/doi/10.1021/acs.jmedchem.3c01894?articleRef=test,Cc1nc(C(N2[C@H](Cc(cc3)cc(OC)c3OC)CCC2)=O)c(-c2cc(C)ccc2)[s]1,Cc(cc1)cc(-[n]2nccn2)c1C(N1[C@H](Cc2cc(-[n]3nccn3)ccc2)COCC1)=O,0.5267316673075206,0.483288951013938,-0.3814602,-6.856229,0.0274518610091398,0.0033760090539961,0.026605023673266,0.0488089609514785,0.14550187957028596,0.10816993900871012
97,https://pubs.acs.org/doi/10.1021/acs.jmedchem.2c00408,O=C1C2=C(C(C3=CC=CC=C31)=O)OC(C4=CC=CC=C4)=N2,O=C(C1=C2OC(C3=C(F)C=CC(O[C@@H]4CCN(C)C4)=C3Cl)=N1)C5=CC=CC=C5C2=O,0.5352224004812564,0.4929124846495921,-3.5736256,-10.002561,0.9972704144550896,0.0064030820868042,0.0364335363486312,0.2373256247203772,0.2438451517198116,0.2218233288577372
98,https://pubs.acs.org/doi/10.1021/acs.jmedchem.3c02384,FC1=C2C(C(C3=NC=CN3)=NN2)=CC=C1C4=C(C(NS(C5=C(OC)N=CC(Cl)=C5)(=O)=O)=CC=C4F)F,FC1=C([NH]S(C2=C(OC)N=CC(Cl)=C2)(=O)=O)C=CC(F)=C1C(N=C3)=CN4C3=C(N=C4)C(NC)=O,0.2845274285936237,0.4096386014759771,8.80494,5.4394507,0.4491731624314916,0.2800899795704315,0.184818170209132,0.806711039485399,0.4364171997506732,0.23963657566057325
99,https://pubs.acs.org/doi/10.1021/acs.jmedchem.4c00186,CN(C1)CC1C(c1ccccc1)(c(cc1)ccc1OC(F)(F)F)O,CC(C)c1ccc([C@@](C2(C)CN(C)C2)(c2cc(-c3n[o]c(C(C)(C)O)n3)cnc2)O)cc1,0.9283362175476264,0.6086065433917414,-11.810546,2.974083,0.0117111847687751,0.0163400729020072,0.4002927276806819,0.0729497522851375,0.1325704638447392,0.20700163211858508
100,https://pubs.acs.org/doi/10.1021/acs.jmedchem.4c01698,O=C(NCC(O)=O)C1=NC=C(C2=CN(CC3=CC=C(Cl)C=C3)N=N2)C=C1O,OC(CNC(C1=NC=C(C2=CC(C3=CC(Cl)=CC(Cl)=C3)=NO2)C=C1O)=O)=O,0.5846173042049383,0.5918712952477265,-3.6108155,0.23212421,0.0095156127615297,0.0357521426460547,0.2600851578739381,0.848994104061755,0.7027203466772379,0.5148419632303723
