,Unnamed: 0,phase
0,4,4
1,8,4
2,27,4
3,33,4
4,50,4
5,52,4
6,61,4
7,72,4
8,75,4
9,147,4
10,153,4
11,167,4
12,173,4
13,180,4
14,186,4
15,187,4
16,188,4
17,196,4
18,201,4
19,203,4
20,204,4
21,237,4
22,252,4
23,294,4
24,311,4
25,316,4
26,323,4
27,327,4
28,345,4
29,356,4
30,357,4
31,361,4
32,365,4
33,389,4
34,405,4
35,409,4
36,421,4
37,425,4
38,426,4
39,441,4
40,444,4
41,446,4
42,452,4
43,472,4
44,474,4
45,482,4
46,486,4
47,509,4
48,510,4
49,513,4
50,517,4
51,519,4
52,533,4
53,534,4
54,538,4
55,569,4
56,588,4
57,590,4
58,638,4
59,673,4
60,680,4
61,683,4
62,697,4
63,703,4
64,716,4
65,740,4
66,757,4
67,770,4
68,775,4
69,779,4
70,782,4
71,789,4
72,834,4
73,840,4
74,845,4
75,915,4
76,938,4
77,1065,4
78,1124,4
79,1136,4
80,1147,4
81,1159,4
82,1175,4
83,1188,4
84,1196,4
85,1205,4
86,1206,4
87,1208,4
88,1211,4
89,1216,4
90,1226,4
91,1228,4
92,1242,4
93,1249,4
94,1272,4
95,1283,4
96,1286,4
97,1289,4
98,1293,4
99,1327,4
100,1340,4
101,1360,4
102,1379,4
103,1384,4
104,1397,4
105,1419,4
106,1426,4
107,1427,4
108,1428,4
109,1430,4
110,1437,4
111,1439,4
112,1440,4
113,1466,4
114,1491,0
115,1493,0
116,1495,0
117,1503,0
118,1516,0
119,1518,0
120,1533,0
121,1548,0
122,1556,0
123,1564,0
124,1570,0
125,1572,0
126,1586,0
127,1587,0
128,1602,0
129,1615,0
130,1617,0
131,1623,0
132,1627,0
133,1628,0
134,1645,0
135,1648,0
136,1671,0
137,1692,0
138,1701,0
139,1705,0
140,1710,0
141,1715,0
142,1722,0
143,1728,0
144,1729,0
145,1733,0
146,1745,0
147,1760,0
148,1761,0
149,1771,0
150,1774,0
151,1782,0
152,1784,0
153,1786,0
154,1787,0
155,1811,0
156,1814,0
157,1822,0
158,1848,0
159,1851,0
160,1852,0
161,1853,0
162,1857,0
163,1860,0
164,1861,0
165,1865,0
166,1877,0
167,1895,0
168,1898,0
169,1919,0
170,1924,0
171,1929,0
172,1941,0
173,1945,0
174,1950,0
175,1954,0
176,1955,0
177,1976,0
178,1980,0
179,1986,0
180,2006,0
181,2019,0
182,2020,0
183,2022,0
184,2045,0
185,2048,0
186,2049,0
187,2056,0
188,2057,0
189,2064,0
190,2070,0
191,2071,0
192,2076,0
193,2083,0
194,2098,0
195,2100,0
196,2110,0
197,2113,0
198,2115,0
199,2120,0
200,2135,0
201,2137,0
202,2140,0
203,2145,0
204,2153,0
205,2159,0
206,2160,0
207,2165,0
208,2171,0
209,2172,0
210,2175,0
211,2178,0
212,2180,0
213,2185,0
214,2188,0
215,2192,0
216,2193,0
217,2195,0
218,2198,0
219,2222,0
220,2229,0
221,2232,0
222,2238,0
223,2246,0
224,2255,0
225,2256,0
226,2274,0
227,2276,0
228,2277,0
229,2282,0
230,2303,0
231,2317,0
232,2327,0
233,2328,0
234,2331,0
235,2340,0
236,2363,0
237,2367,0
238,2372,0
239,2374,0
240,2376,0
241,2388,0
242,2390,0
243,2393,0
244,2398,0
245,2399,0
246,2400,0
247,2405,0
248,2419,0
249,2422,0
250,2459,0
251,2460,0
252,2464,0
253,2469,0
254,2470,0
255,2474,0
256,2477,0
257,2482,0
258,2492,0
259,2496,0
260,2507,0
261,2510,0
262,2513,0
263,2516,0
264,2520,0
265,2532,0
266,2547,0
267,2551,0
268,2558,0
269,2566,0
270,2575,0
271,2581,0
272,2593,0
273,2595,0
274,2609,0
275,2611,0
276,2616,0
277,2617,0
278,2625,0
279,2634,0
280,2645,0
281,2651,0
282,2655,0
283,2666,0
284,2690,0
285,2693,0
286,2696,0
287,2697,0
288,2704,0
289,2705,0
290,2711,0
291,2722,0
292,2739,0
293,2740,0
294,2741,0
295,2742,0
296,2749,0
297,2752,0
298,2755,0
299,2780,0
300,2786,0
301,2791,0
302,2797,0
303,2813,0
304,2814,0
305,2828,0
306,2844,0
307,2859,0
308,2866,0
309,2869,0
310,2874,0
311,2875,0
312,2876,0
313,2880,0
314,2886,0
315,2892,0
316,2903,0
317,2906,0
318,2907,0
319,2919,0
320,2931,0
321,2946,0
322,2949,0
323,2962,0
324,2969,0
325,2981,0
326,2993,0
327,2995,0
328,2998,0
329,3018,0
330,3024,0
331,3026,0
332,3027,0
333,3051,0
334,3058,0
335,3061,0
336,3066,0
337,3083,0
338,3084,0
339,3091,0
340,3093,0
341,3096,0
342,3120,0
343,3123,0
344,3130,0
345,3135,0
346,3136,0
347,3141,0
348,3153,0
349,3154,0
350,3157,0
351,3161,0
352,3163,0
353,3164,0
354,3170,0
355,3176,0
356,3189,0
357,3190,0
358,3202,0
359,3205,0
360,3206,0
361,3208,0
362,3210,0
363,3214,0
364,3219,0
365,3225,0
366,3251,0
367,3253,0
368,3269,0
369,3270,0
370,3280,0
371,3287,0
372,3290,0
373,3296,0
374,3300,0
375,3302,0
376,3306,0
377,3310,0
378,3313,0
379,3324,0
380,3330,0
381,3334,0
382,3341,0
383,3343,0
384,3361,0
385,3368,0
386,3374,0
387,3378,0
388,3394,0
389,3396,0
390,3397,0
391,3403,0
392,3413,0
393,3417,0
394,3429,0
395,3434,0
396,3435,0
397,3436,0
398,3442,0
399,3443,0
400,3447,0
401,3452,0
402,3457,0
403,3467,0
404,3469,0
405,3481,0
406,3491,0
407,3500,0
408,3514,0
409,3525,0
410,3530,0
411,3539,0
412,3550,0
413,3568,0
414,3570,0
415,3572,0
416,3578,0
417,3579,0
418,3583,0
419,3587,0
420,3602,0
421,3611,0
422,3620,0
423,3626,0
424,3628,0
425,3630,0
426,3635,0
427,3640,0
428,3665,0
429,3678,0
430,3680,0
431,3682,0
432,3684,0
433,3704,0
434,3717,0
435,3726,0
436,3737,0
437,3738,0
438,3741,0
439,3748,0
440,3755,0
441,3776,0
442,3788,0
443,3796,0
444,3801,0
445,3802,0
446,3803,0
447,3805,0
448,3815,0
449,3826,0
450,3829,0
451,3831,0
452,3842,0
453,3843,0
454,3844,0
455,3847,0
456,3857,0
457,3859,0
458,3861,0
459,3866,0
460,3869,0
461,3874,0
462,3879,0
463,3884,0
464,3889,0
465,3891,0
466,3905,0
467,3909,0
468,3914,0
469,3930,0
470,3936,0
471,3951,0
472,3957,0
473,3961,0
474,3963,0
475,3968,0
476,3974,0
477,3975,0
478,3984,0
479,4014,0
480,4019,0
481,4022,0
482,4024,0
483,4026,0
484,4040,0
485,4045,0
486,4052,0
487,4064,0
488,4065,0
489,4083,0
490,4086,0
491,4102,0
492,4105,0
493,4106,0
494,4109,0
495,4112,0
496,4116,0
497,4117,0
498,4120,0
499,4121,0
500,4122,0
501,4125,0
502,4132,0
503,4136,0
504,4142,0
505,4145,0
506,4153,0
507,4154,0
508,4159,0
509,4167,0
510,4185,0
511,4186,0
512,4189,0
513,4190,0
514,4203,0
515,4218,0
516,4219,0
517,4227,0
518,4236,0
519,4239,0
520,4248,0
521,4255,0
522,4263,0
523,4278,0
524,4280,0
525,4295,0
526,4296,0
527,4306,0
528,4307,0
529,4312,0
530,4316,0
531,4317,0
532,4321,0
533,4322,0
534,4324,0
535,4326,0
536,4356,0
537,4359,0
538,4364,0
539,4374,0
540,4375,0
541,4376,0
542,4382,0
543,4391,0
544,4397,0
545,4398,0
546,4414,0
547,4415,0
548,4435,0
549,4437,0
550,4448,0
551,4450,0
552,4459,0
553,4467,0
554,4469,0
555,4475,0
556,4484,0
557,4497,0
558,4499,0
559,4526,0
560,4529,0
561,4553,0
562,4562,0
563,4567,0
564,4570,0
565,4584,0
566,4601,0
567,4603,0
568,4613,0
569,4629,0
570,4638,0
571,4641,0
572,4652,0
573,4653,0
574,4669,0
575,4678,0
576,4703,0
577,4708,0
578,4721,0
579,4724,0
580,4737,0
581,4746,0
582,4751,0
583,4752,0
584,4756,0
585,4762,0
586,4765,0
587,4766,0
588,4788,0
589,4791,0
590,4795,0
591,4798,0
592,4800,0
593,4806,0
594,4820,0
595,4841,0
596,4853,0
597,4854,0
598,4860,0
599,4868,0
600,4869,0
601,4877,0
602,4880,0
603,4891,0
604,4903,0
605,4904,0
606,4909,0
607,4913,0
608,4923,0
609,4929,0
610,4942,0
611,4968,0
612,4977,0
613,4989,0
614,4990,0
615,4998,0
616,5003,0
617,5011,0
618,5013,0
619,5020,0
620,5036,0
621,5038,0
622,5044,0
623,5052,0
624,5057,0
625,5059,0
626,5062,0
627,5064,0
628,5067,0
629,5071,0
630,5083,0
631,5097,0
632,5099,0
633,5103,0
634,5104,0
635,5107,0
636,5109,0
637,5115,0
638,5117,0
639,5121,0
640,5141,0
641,5152,0
642,5153,0
643,5155,0
644,5173,0
645,5176,0
646,5183,0
647,5187,0
648,5197,0
649,5204,0
650,5211,0
651,5212,0
652,5228,0
653,5246,0
654,5252,0
655,5257,0
656,5264,0
657,5288,0
658,5289,0
659,5300,0
660,5324,0
661,5330,0
662,5331,0
663,5338,0
664,5340,0
665,5343,0
666,5350,0
667,5357,0
668,5359,0
669,5370,0
670,5374,0
671,5387,0
672,5401,0
673,5407,0
674,5414,0
675,5420,0
676,5424,0
677,5426,0
678,5428,0
679,5440,0
680,5452,0
681,5453,0
682,5471,0
683,5483,0
684,5515,0
685,5519,0
686,5533,0
687,5538,0
688,5539,0
689,5558,0
690,5585,0
691,5590,0
692,5611,0
693,5650,0
694,5652,0
695,5673,0
696,5677,0
697,5684,0
698,5686,0
699,5707,0
700,5735,0
701,5743,0
702,5744,0
703,5753,0
704,5764,0
705,5773,0
706,5779,0
707,5785,0
708,5811,0
709,5824,0
710,5831,0
711,5853,0
712,5859,0
713,5864,0
714,5866,0
715,5867,0
716,5877,0
717,5884,0
718,5891,0
719,5905,0
720,5927,0
721,5929,0
722,5933,0
723,5937,0
724,5944,0
725,5946,0
726,5950,0
727,5956,0
728,5960,0
729,5963,0
730,5966,0
731,5972,0
732,5977,0
733,5979,0
734,5985,0
735,5986,0
736,5999,0
737,6005,0
738,6025,0
739,6027,0
740,6028,0
741,6031,0
742,6034,0
743,6037,0
744,6039,0
745,6042,0
746,6045,0
747,6052,0
748,6054,0
749,6065,0
750,6067,0
751,6069,0
752,6071,0
753,6073,0
754,6074,0
755,6075,0
756,6087,0
757,6093,0
758,6096,0
759,6106,0
760,6123,0
761,6131,0
762,6134,0
763,6137,0
764,6140,0
765,6157,0
766,6163,0
767,6189,0
768,6193,0
769,6205,0
770,6212,0
771,6215,0
772,6224,0
773,6227,0
774,6234,0
775,6235,0
776,6238,0
777,6240,0
778,6245,0
779,6256,0
780,6259,0
781,6269,0
782,6285,0
783,6288,0
784,6295,0
785,6296,0
786,6297,0
787,6305,0
788,6307,0
789,6318,0
790,6322,0
791,6344,0
792,6349,0
793,6352,0
794,6359,0
795,6366,0
796,6369,0
797,6378,0
798,6386,0
799,6387,0
800,6392,0
801,6408,0
802,6409,0
803,6416,0
804,6419,0
805,6438,0
806,6439,0
807,6443,0
808,6452,0
809,6453,0
810,6470,0
811,6476,0
812,6488,0
813,6490,0
814,6499,0
815,6502,0
816,6504,0
817,6519,0
818,6529,0
819,6530,0
820,6531,0
821,6532,0
822,6536,0
823,6538,0
824,6539,0
825,6543,0
826,6569,0
827,6582,0
828,6583,0
829,6610,0
830,6616,0
831,6623,0
832,6634,0
833,6636,0
834,6639,0
835,6654,0
836,6663,0
837,6666,0
838,6669,0
839,6675,0
840,6681,0
841,6685,0
842,6688,0
843,6692,0
844,6695,0
845,6705,0
846,6708,0
847,6725,0
848,6738,0
849,6753,0
850,6757,0
851,6759,0
852,6761,0
853,6764,0
854,6771,0
855,6772,0
856,6792,0
857,6795,0
858,6800,0
859,6807,0
860,6809,0
861,6812,0
862,6815,0
863,6825,0
864,6828,0
865,6830,0
866,6840,0
867,6850,0
868,6851,0
869,6857,0
870,6860,0
871,6861,0
872,6865,0
873,6869,0
874,6871,0
875,6872,0
876,6878,0
877,6886,0
878,6899,0
879,6904,0
880,6908,0
881,6909,0
882,6910,0
883,6911,0
884,6912,0
885,6922,0
886,6938,0
887,6940,0
888,6945,0
889,6957,0
890,6960,0
891,6961,0
892,6986,0
893,6992,0
894,6996,0
895,7002,0
896,7004,0
897,7010,0
898,7012,0
899,7029,0
900,7041,0
901,7042,0
902,7045,0
903,7060,0
904,7065,0
905,7073,0
906,7087,0
907,7088,0
908,7133,0
909,7147,0
910,7149,0
911,7154,0
912,7162,0
913,7166,0
914,7171,0
915,7181,0
916,7190,0
917,7198,0
918,7213,0
919,7214,0
920,7220,0
921,7233,0
922,7254,0
923,7263,0
924,7283,0
925,7296,0
926,7307,0
927,7309,0
928,7312,0
929,7315,0
930,7318,0
931,7325,0
932,7333,0
933,7344,0
934,7349,0
935,7352,0
936,7357,0
937,7363,0
938,7364,0
939,7368,0
940,7371,0
941,7389,0
942,7393,0
943,7408,0
944,7419,0
945,7421,0
946,7423,0
947,7437,0
948,7443,0
949,7447,0
950,7455,0
951,7461,0
952,7465,0
953,7471,0
954,7477,0
955,7480,0
956,7500,0
957,7502,0
958,7535,0
959,7539,0
960,7541,0
961,7557,0
962,7564,0
963,7575,0
964,7577,0
965,7590,0
966,7593,0
967,7596,0
968,7598,0
969,7600,0
970,7604,0
971,7606,0
972,7620,0
973,7632,0
974,7641,0
975,7642,0
976,7651,0
977,7666,0
978,7667,0
979,7679,0
980,7695,0
981,7699,0
982,7712,0
983,7719,0
984,7730,0
985,7738,0
986,7743,0
987,7770,0
988,7772,0
989,7774,0
990,7785,0
991,7790,0
992,7793,0
993,7795,0
994,7799,0
995,7806,0
996,7813,0
997,7816,0
998,7819,0
999,7820,0
1000,7836,0
1001,7845,0
1002,7854,0
1003,7858,0
1004,7859,0
1005,7860,0
1006,7863,0
1007,7869,0
1008,7872,0
1009,7880,0
1010,7884,0
1011,7888,0
1012,7892,0
1013,7901,0
1014,7906,0
1015,7932,0
1016,7937,0
1017,7961,0
1018,7963,0
1019,7966,0
1020,7967,0
1021,7972,0
1022,7978,0
1023,7979,0
1024,7984,0
1025,7995,0
1026,7999,0
1027,8010,0
1028,8029,0
1029,8034,0
1030,8038,0
1031,8040,0
1032,8047,0
1033,8054,0
1034,8058,0
1035,8059,0
1036,8073,0
1037,8076,0
1038,8090,0
1039,23,4
1040,29,4
1041,34,4
1042,36,4
1043,39,4
1044,51,4
1045,69,4
1046,74,4
1047,84,4
1048,110,4
1049,119,4
1050,208,4
1051,240,4
1052,278,4
1053,280,4
1054,296,4
1055,306,4
1056,342,4
1057,358,4
1058,410,4
1059,456,4
1060,476,4
1061,479,4
1062,484,4
1063,488,4
1064,491,4
1065,644,4
1066,645,4
1067,646,4
1068,647,4
1069,652,4
1070,654,4
1071,657,4
1072,667,4
1073,678,4
1074,701,4
1075,710,4
1076,745,4
1077,746,4
1078,763,4
1079,813,4
1080,836,4
1081,876,4
1082,895,4
1083,896,4
1084,907,4
1085,929,4
1086,943,4
1087,1005,4
1088,1049,4
1089,1121,4
1090,1138,4
1091,1244,4
1092,1284,4
1093,1300,4
1094,1310,4
1095,1402,4
1096,1413,4
1097,1473,4
1098,1494,0
1099,1504,0
1100,1508,0
1101,1509,0
1102,1522,0
1103,1540,0
1104,1544,0
1105,1552,0
1106,1573,0
1107,1580,0
1108,1582,0
1109,1588,0
1110,1612,0
1111,1634,0
1112,1641,0
1113,1647,0
1114,1657,0
1115,1674,0
1116,1677,0
1117,1679,0
1118,1707,0
1119,1708,0
1120,1716,0
1121,1717,0
1122,1730,0
1123,1758,0
1124,1799,0
1125,1808,0
1126,1810,0
1127,1829,0
1128,1840,0
1129,1864,0
1130,1872,0
1131,1878,0
1132,1891,0
1133,1920,0
1134,1952,0
1135,1964,0
1136,1999,0
1137,2008,0
1138,2029,0
1139,2033,0
1140,2037,0
1141,2038,0
1142,2043,0
1143,2059,0
1144,2089,0
1145,2101,0
1146,2173,0
1147,2239,0
1148,2245,0
1149,2247,0
1150,2309,0
1151,2310,0
1152,2339,0
1153,2348,0
1154,2353,0
1155,2358,0
1156,2380,0
1157,2383,0
1158,2402,0
1159,2430,0
1160,2432,0
1161,2433,0
1162,2465,0
1163,2473,0
1164,2487,0
1165,2497,0
1166,2504,0
1167,2508,0
1168,2518,0
1169,2539,0
1170,2540,0
1171,2574,0
1172,2607,0
1173,2621,0
1174,2628,0
1175,2629,0
1176,2636,0
1177,2700,0
1178,2718,0
1179,2732,0
1180,2736,0
1181,2746,0
1182,2771,0
1183,2775,0
1184,2788,0
1185,2793,0
1186,2794,0
1187,2802,0
1188,2803,0
1189,2822,0
1190,2825,0
1191,2833,0
1192,2904,0
1193,2914,0
1194,2921,0
1195,2925,0
1196,2930,0
1197,2951,0
1198,2953,0
1199,2956,0
1200,3103,0
1201,3114,0
1202,3118,0
1203,3121,0
1204,3166,0
1205,3179,0
1206,3223,0
1207,3226,0
1208,3229,0
1209,3230,0
1210,3258,0
1211,3279,0
1212,3281,0
1213,3299,0
1214,3322,0
1215,3338,0
1216,3350,0
1217,3353,0
1218,3357,0
1219,3458,0
1220,3471,0
1221,3474,0
1222,3537,0
1223,3556,0
1224,3562,0
1225,3576,0
1226,3589,0
1227,3622,0
1228,3637,0
1229,3655,0
1230,3662,0
1231,3692,0
1232,3724,0
1233,3746,0
1234,3775,0
1235,3783,0
1236,3790,0
1237,3798,0
1238,3809,0
1239,3818,0
1240,3868,0
1241,3898,0
1242,3906,0
1243,3908,0
1244,3918,0
1245,3943,0
1246,3948,0
1247,3958,0
1248,3966,0
1249,3977,0
1250,3990,0
1251,4000,0
1252,4015,0
1253,4037,0
1254,4059,0
1255,4091,0
1256,4095,0
1257,4103,0
1258,4107,0
1259,4113,0
1260,4119,0
1261,4147,0
1262,4164,0
1263,4234,0
1264,4238,0
1265,4299,0
1266,4303,0
1267,4329,0
1268,4333,0
1269,4336,0
1270,4345,0
1271,4360,0
1272,4426,0
1273,4445,0
1274,4462,0
1275,4473,0
1276,4479,0
1277,4481,0
1278,4533,0
1279,4609,0
1280,4660,0
1281,4665,0
1282,4675,0
1283,4676,0
1284,4709,0
1285,4713,0
1286,4725,0
1287,4747,0
1288,4755,0
1289,4759,0
1290,4852,0
1291,4862,0
1292,4887,0
1293,4910,0
1294,4949,0
1295,4974,0
1296,4980,0
1297,5010,0
1298,5012,0
1299,5031,0
1300,5048,0
1301,5112,0
1302,5123,0
1303,5124,0
1304,5126,0
1305,5136,0
1306,5138,0
1307,5145,0
1308,5162,0
1309,5214,0
1310,5227,0
1311,5238,0
1312,5239,0
1313,5247,0
1314,5251,0
1315,5265,0
1316,5275,0
1317,5293,0
1318,5305,0
1319,5310,0
1320,5311,0
1321,5328,0
1322,5332,0
1323,5333,0
1324,5356,0
1325,5379,0
1326,5399,0
1327,5403,0
1328,5438,0
1329,5445,0
1330,5449,0
1331,5450,0
1332,5455,0
1333,5460,0
1334,5463,0
1335,5466,0
1336,5517,0
1337,5566,0
1338,5567,0
1339,5570,0
1340,5582,0
1341,5609,0
1342,5647,0
1343,5670,0
1344,5676,0
1345,5703,0
1346,5710,0
1347,5717,0
1348,5732,0
1349,5759,0
1350,5771,0
1351,5856,0
1352,5872,0
1353,5873,0
1354,5875,0
1355,5883,0
1356,5899,0
1357,5902,0
1358,5909,0
1359,5921,0
1360,5938,0
1361,5939,0
1362,5958,0
1363,5974,0
1364,6032,0
1365,6055,0
1366,6057,0
1367,6058,0
1368,6122,0
1369,6194,0
1370,6209,0
1371,6220,0
1372,6231,0
1373,6252,0
1374,6276,0
1375,6302,0
1376,6320,0
1377,6329,0
1378,6345,0
1379,6370,0
1380,6379,0
1381,6385,0
1382,6394,0
1383,6428,0
1384,6493,0
1385,6514,0
1386,6515,0
1387,6540,0
1388,6571,0
1389,6577,0
1390,6596,0
1391,6622,0
1392,6644,0
1393,6646,0
1394,6658,0
1395,6671,0
1396,6716,0
1397,6744,0
1398,6746,0
1399,6773,0
1400,6784,0
1401,6797,0
1402,6824,0
1403,6826,0
1404,6874,0
1405,6929,0
1406,6939,0
1407,6946,0
1408,6968,0
1409,6988,0
1410,6989,0
1411,6997,0
1412,6998,0
1413,7022,0
1414,7032,0
1415,7036,0
1416,7051,0
1417,7078,0
1418,7103,0
1419,7112,0
1420,7126,0
1421,7132,0
1422,7161,0
1423,7197,0
1424,7202,0
1425,7238,0
1426,7239,0
1427,7248,0
1428,7262,0
1429,7268,0
1430,7295,0
1431,7301,0
1432,7316,0
1433,7339,0
1434,7345,0
1435,7350,0
1436,7355,0
1437,7370,0
1438,7399,0
1439,7417,0
1440,7434,0
1441,7436,0
1442,7441,0
1443,7442,0
1444,7544,0
1445,7561,0
1446,7582,0
1447,7585,0
1448,7591,0
1449,7601,0
1450,7605,0
1451,7638,0
1452,7647,0
1453,7653,0
1454,7655,0
1455,7664,0
1456,7673,0
1457,7682,0
1458,7685,0
1459,7718,0
1460,7722,0
1461,7725,0
1462,7771,0
1463,7803,0
1464,7814,0
1465,7815,0
1466,7817,0
1467,7838,0
1468,7876,0
1469,7905,0
1470,7917,0
1471,7941,0
1472,7945,0
1473,7997,0
1474,8005,0
1475,8011,0
1476,8016,0
1477,8063,0
1478,8070,0
1479,135,4
1480,192,4
1481,366,4
1482,423,4
1483,568,4
1484,720,4
1485,764,4
1486,1082,4
1487,1215,4
1488,1372,4
1489,1410,4
1490,1537,0
1491,1610,0
1492,1616,0
1493,1626,0
1494,1652,0
1495,1835,0
1496,1837,0
1497,1839,0
1498,1886,0
1499,1972,0
1500,1988,0
1501,2004,0
1502,2026,0
1503,2287,0
1504,2442,0
1505,2466,0
1506,2592,0
1507,2626,0
1508,2673,0
1509,2819,0
1510,2896,0
1511,2913,0
1512,2939,0
1513,2978,0
1514,3106,0
1515,3119,0
1516,3132,0
1517,3159,0
1518,3167,0
1519,3174,0
1520,3384,0
1521,3412,0
1522,3415,0
1523,3513,0
1524,3543,0
1525,3551,0
1526,3606,0
1527,3651,0
1528,3705,0
1529,3739,0
1530,3749,0
1531,3800,0
1532,3896,0
1533,4092,0
1534,4118,0
1535,4157,0
1536,4210,0
1537,4223,0
1538,4298,0
1539,4400,0
1540,4531,0
1541,4688,0
1542,4849,0
1543,4888,0
1544,4943,0
1545,5015,0
1546,5076,0
1547,5086,0
1548,5184,0
1549,5207,0
1550,5234,0
1551,5274,0
1552,5358,0
1553,5371,0
1554,5429,0
1555,5668,0
1556,5692,0
1557,5695,0
1558,5706,0
1559,5714,0
1560,5775,0
1561,5804,0
1562,5826,0
1563,5840,0
1564,5913,0
1565,5943,0
1566,5954,0
1567,6148,0
1568,6168,0
1569,6180,0
1570,6197,0
1571,6249,0
1572,6293,0
1573,6303,0
1574,6337,0
1575,6351,0
1576,6403,0
1577,6413,0
1578,6631,0
1579,6834,0
1580,6873,0
1581,7016,0
1582,7054,0
1583,7056,0
1584,7086,0
1585,7169,0
1586,7178,0
1587,7314,0
1588,7358,0
1589,7388,0
1590,7407,0
1591,7424,0
1592,7451,0
1593,7540,0
1594,7579,0
1595,7635,0
1596,7741,0
1597,7883,0
1598,7924,0
1599,7935,0
1600,7943,0
1601,214,4
1602,298,4
1603,362,4
1604,1505,0
1605,1742,0
1606,2133,0
1607,2212,0
1608,2296,0
1609,2503,0
1610,2523,0
1611,2668,0
1612,2715,0
1613,2758,0
1614,2840,0
1615,2934,0
1616,2963,0
1617,3207,0
1618,3421,0
1619,3610,0
1620,3808,0
1621,3811,0
1622,3837,0
1623,3871,0
1624,3988,0
1625,4072,0
1626,4302,0
1627,4494,0
1628,4500,0
1629,4504,0
1630,4620,0
1631,4785,0
1632,4890,0
1633,5248,0
1634,5270,0
1635,5649,0
1636,5887,0
1637,6145,0
1638,6159,0
1639,6226,0
1640,6722,0
1641,6932,0
1642,6933,0
1643,7212,0
1644,7270,0
1645,7677,0
1646,7802,0
1647,76,4
1648,319,4
1649,373,4
1650,422,4
1651,1140,4
1652,1285,4
1653,1446,4
1654,1487,4
1655,2018,0
1656,2451,0
1657,2561,0
1658,2986,0
1659,3243,0
1660,3607,0
1661,3681,0
1662,3830,0
1663,3875,0
1664,3940,0
1665,4389,0
1666,4536,0
1667,4586,0
1668,4957,0
1669,4982,0
1670,5037,0
1671,5258,0
1672,5355,0
1673,5930,0
1674,6268,0
1675,6279,0
1676,6281,0
1677,6780,0
1678,6921,0
1679,6925,0
1680,7030,0
1681,7128,0
1682,7326,0
1683,7490,0
1684,7574,0
1685,7622,0
1686,7744,0
1687,7829,0
1688,7844,0
1689,7949,0
1690,105,4
1691,107,4
1692,495,4
1693,1567,0
1694,1743,0
1695,1948,0
1696,2054,0
1697,2330,0
1698,2444,0
1699,2583,0
1700,2706,0
1701,3037,0
1702,3487,0
1703,3614,0
1704,3766,0
1705,3991,0
1706,4051,0
1707,4131,0
1708,4461,0
1709,4858,0
1710,4938,0
1711,5017,0
1712,5159,0
1713,5475,0
1714,5512,0
1715,5818,0
1716,5945,0
1717,6524,0
1718,6578,0
1719,7114,0
1720,7241,0
1721,7243,0
1722,7250,0
1723,7377,0
1724,7476,0
1725,7509,0
1726,7965,0
1727,8014,0
1728,8046,0
1729,1209,4
1730,1559,0
1731,2078,0
1732,2325,0
1733,2410,0
1734,2873,0
1735,2923,0
1736,3372,0
1737,3554,0
1738,3642,0
1739,4140,0
1740,4165,0
1741,4267,0
1742,4358,0
1743,4625,0
1744,4683,0
1745,4729,0
1746,4933,0
1747,5390,0
1748,5511,0
1749,5520,0
1750,5540,0
1751,5613,0
1752,5642,0
1753,5967,0
1754,6060,0
1755,6144,0
1756,6158,0
1757,6505,0
1758,6645,0
1759,6647,0
1760,6906,0
1761,7003,0
1762,7117,0
1763,7192,0
1764,7255,0
1765,7428,0
1766,7610,0
1767,41,4
1768,121,4
1769,386,4
1770,466,4
1771,607,4
1772,1180,4
1773,1460,4
1774,1543,0
1775,1585,0
1776,1700,0
1777,1918,0
1778,2219,0
1779,2262,0
1780,2756,0
1781,2773,0
1782,3297,0
1783,3323,0
1784,3855,0
1785,4110,0
1786,4416,0
1787,4429,0
1788,5294,0
1789,5605,0
1790,5646,0
1791,5957,0
1792,6111,0
1793,6593,0
1794,6717,0
1795,6775,0
1796,6894,0
1797,7013,0
1798,7482,0
1799,7516,0
1800,7688,0
1801,7755,0
1802,7805,0
1803,292,4
1804,383,4
1805,693,4
1806,824,4
1807,1120,4
1808,1336,4
1809,1444,4
1810,1519,0
1811,1534,0
1812,1651,0
1813,2214,0
1814,2318,0
1815,2345,0
1816,2738,0
1817,2762,0
1818,3757,0
1819,4100,0
1820,4114,0
1821,4354,0
1822,5237,0
1823,5882,0
1824,6263,0
1825,6356,0
1826,6786,0
1827,6941,0
1828,7059,0
1829,7320,0
1830,7663,0
1831,7812,0
1832,376,4
1833,2168,0
1834,2341,0
1835,2965,0
1836,3200,0
1837,3367,0
1838,3641,0
1839,4514,0
1840,4876,0
1841,5531,0
1842,5550,0
1843,5806,0
1844,5990,0
1845,6121,0
1846,6516,0
1847,6676,0
1848,7135,0
1849,7144,0
1850,7467,0
1851,7494,0
1852,145,4
1853,371,4
1854,400,4
1855,436,4
1856,511,4
1857,562,4
1858,655,4
1859,3547,0
1860,4289,0
1861,4418,0
1862,4455,0
1863,5721,0
1864,5791,0
1865,6513,0
1866,6774,0
1867,7081,0
1868,7186,0
1869,7950,0
1870,8013,0
1871,728,4
1872,2184,0
1873,2315,0
1874,2320,0
1875,2664,0
1876,3283,0
1877,3836,0
1878,4042,0
1879,4466,0
1880,5308,0
1881,5397,0
1882,5430,0
1883,5942,0
1884,6008,0
1885,6358,0
1886,6398,0
1887,7908,0
1888,8026,0
1889,326,4
1890,1223,4
1891,2114,0
1892,2952,0
1893,3247,0
1894,3528,0
1895,3647,0
1896,3865,0
1897,5633,0
1898,6325,0
1899,6353,0
1900,6656,0
1901,6853,0
1902,6895,0
1903,7230,0
1904,7533,0
1905,7947,0
1906,1685,0
1907,2350,0
1908,2598,0
1909,2784,0
1910,4268,0
1911,4285,0
1912,4371,0
1913,4776,0
1914,4893,0
1915,5536,0
1916,5593,0
1917,5936,0
1918,6086,0
1919,6683,0
1920,6990,0
1921,7024,0
1922,189,4
1923,285,4
1924,288,4
1925,307,4
1926,344,4
1927,430,4
1928,461,4
1929,669,4
1930,769,4
1931,792,4
1932,1240,4
1933,1299,4
1934,1343,4
1935,1603,0
1936,2216,0
1937,5552,0
1938,417,4
1939,1350,4
1940,2689,0
1941,3750,0
1942,4431,0
1943,4821,0
1944,5345,0
1945,5375,0
1946,5484,0
1947,5637,0
1948,6793,0
1949,7076,0
1950,7182,0
1951,7550,0
1952,7831,0
1953,1510,0
1954,2014,0
1955,2260,0
1956,2373,0
1957,2787,0
1958,3516,0
1959,4505,0
1960,5606,0
1961,5754,0
1962,6727,0
1963,6831,0
1964,7005,0
1965,7219,0
1966,7633,0
1967,132,4
1968,133,4
1969,154,4
1970,210,4
1971,217,4
1972,246,4
1973,264,4
1974,396,4
1975,397,4
1976,512,4
1977,559,4
1978,615,4
1979,1135,4
1980,4155,0
1981,42,4
1982,57,4
1983,164,4
1984,216,4
1985,223,4
1986,259,4
1987,642,4
1988,743,4
1989,1064,4
1990,1130,4
1991,1151,4
1992,1266,4
1993,1275,4
1994,1597,0
1995,1664,0
1996,3845,0
1997,4184,0
1998,4518,0
1999,4958,0
2000,5758,0
2001,5964,0
2002,6592,0
2003,6885,0
2004,7331,0
2005,7842,0
2006,705,4
2007,711,4
2008,1031,4
2009,1173,4
2010,1442,4
2011,2441,0
2012,4342,0
2013,4673,0
2014,5098,0
2015,5241,0
2016,5542,0
2017,7218,0
2018,30,4
2019,1905,0
2020,2461,0
2021,3416,0
2022,4249,0
2023,4381,0
2024,5384,0
2025,5931,0
2026,6546,0
2027,7074,0
2028,7611,0
2029,7782,0
2030,19,4
2031,144,4
2032,601,4
2033,653,4
2034,1125,4
2035,1167,4
2036,1187,4
2037,1235,4
2038,1239,4
2039,1270,4
2040,1298,4
2041,1796,0
2042,2179,0
2043,2499,0
2044,2991,0
2045,4062,0
2046,4201,0
2047,4718,0
2048,5186,0
2049,6000,0
2050,6177,0
2051,6756,0
2052,6803,0
2053,917,4
2054,1110,4
2055,1407,4
2056,2401,0
2057,2839,0
2058,3188,0
2059,3817,0
2060,4213,0
2061,6225,0
2062,6306,0
2063,6955,0
2064,160,4
2065,1172,4
2066,1268,4
2067,4691,0
2068,5116,0
2069,5666,0
2070,5722,0
2071,6965,0
2072,7165,0
2073,7658,0
2074,8028,0
2075,66,4
2076,707,4
2077,708,4
2078,2061,0
2079,2615,0
2080,2782,0
2081,3455,0
2082,4667,0
2083,5321,0
2084,5889,0
2085,7412,0
2086,2572,0
2087,2667,0
2088,3526,0
2089,3922,0
2090,4161,0
2091,4794,0
2092,6273,0
2093,6917,0
2094,7131,0
2095,7346,0
2096,2397,0
2097,2569,0
2098,2614,0
2099,3003,0
2100,4927,0
2101,5681,0
2102,5918,0
2103,6254,0
2104,6984,0
2105,7850,0
2106,433,4
2107,882,4
2108,1101,4
2109,1571,0
2110,3039,0
2111,5638,0
2112,6317,0
2113,6971,0
2114,7652,0
2115,7765,0
2116,2795,0
2117,3288,0
2118,4723,0
2119,4772,0
2120,5158,0
2121,5786,0
2122,6323,0
2123,6822,0
2124,7689,0
2125,561,4
2126,2467,0
2127,3816,0
2128,3920,0
2129,4217,0
2130,4598,0
2131,6402,0
2132,6567,0
2133,6573,0
2134,268,4
2135,424,4
2136,537,4
2137,554,4
2138,578,4
2139,603,4
2140,967,4
2141,1085,4
2142,1247,4
2143,230,4
2144,255,4
2145,304,4
2146,340,4
2147,633,4
2148,634,4
2149,923,4
2150,1015,4
2151,1190,4
2152,2478,0
2153,3475,0
2154,4242,0
2155,6264,0
2156,6287,0
2157,6621,0
2158,7463,0
2159,7573,0
2160,1620,0
2161,1992,0
2162,3009,0
2163,3052,0
2164,3079,0
2165,4502,0
2166,6436,0
2167,7008,0
2168,1387,4
2169,1563,0
2170,1969,0
2171,2493,0
2172,3522,0
2173,4477,0
2174,4897,0
2175,5243,0
2176,772,4
2177,2085,0
2178,3657,0
2179,5027,0
2180,6466,0
2181,6503,0
2182,7435,0
2183,7891,0
2184,106,4
2185,211,4
2186,220,4
2187,238,4
2188,244,4
2189,257,4
2190,265,4
2191,998,4
2192,71,4
2193,372,4
2194,485,4
2195,676,4
2196,767,4
2197,1344,4
2198,1422,4
2199,3863,0
2200,68,4
2201,193,4
2202,224,4
2203,231,4
2204,313,4
2205,359,4
2206,393,4
2207,609,4
2208,32,4
2209,98,4
2210,100,4
2211,448,4
2212,1319,4
2213,1461,4
2214,1468,4
2215,3182,0
2216,1,4
2217,225,4
2218,624,4
2219,844,4
2220,1161,4
2221,1183,4
2222,3160,0
2223,5019,0
2224,3646,0
2225,3688,0
2226,4115,0
2227,4657,0
2228,5111,0
2229,5336,0
2230,6924,0
2231,1775,0
2232,3725,0
2233,3872,0
2234,4781,0
2235,4954,0
2236,6589,0
2237,6740,0
2238,1622,0
2239,3780,0
2240,5006,0
2241,5659,0
2242,6165,0
2243,6914,0
2244,7195,0
2245,1222,4
2246,1308,4
2247,1514,0
2248,4202,0
2249,5809,0
2250,7236,0
2251,7959,0
2252,1081,4
2253,1649,0
2254,2392,0
2255,2665,0
2256,5557,0
2257,6336,0
2258,7828,0
2259,86,4
2260,665,4
2261,666,4
2262,773,4
2263,1071,4
2264,1197,4
2265,1404,4
2266,67,4
2267,318,4
2268,343,4
2269,354,4
2270,377,4
2271,1162,4
2272,1276,4
2273,44,4
2274,1200,4
2275,1232,4
2276,1411,4
2277,2299,0
2278,2457,0
2279,4325,0
2280,4605,0
2281,5393,0
2282,5618,0
2283,6598,0
2284,7366,0
2285,7992,0
2286,3360,0
2287,3676,0
2288,5314,0
2289,6018,0
2290,6487,0
2291,6987,0
2292,3220,0
2293,4811,0
2294,5028,0
2295,5334,0
2296,5812,0
2297,7489,0
2298,2837,0
2299,3440,0
2300,3493,0
2301,4273,0
2302,6724,0
2303,7515,0
2304,1888,0
2305,3483,0
2306,4082,0
2307,4789,0
2308,4845,0
2309,5916,0
2310,891,4
2311,2879,0
2312,3016,0
2313,3559,0
2314,4128,0
2315,7791,0
2316,737,4
2317,4094,0
2318,6170,0
2319,6480,0
2320,7122,0
2321,8017,0
2322,322,4
2323,1661,0
2324,2475,0
2325,3351,0
2326,3686,0
2327,7952,0
2328,233,4
2329,432,4
2330,811,4
2331,1194,4
2332,1255,4
2333,1480,4
2334,218,4
2335,1732,0
2336,1890,0
2337,3935,0
2338,4856,0
2339,4971,0
2340,209,4
2341,295,4
2342,353,4
2343,1127,4
2344,1150,4
2345,4512,0
2346,146,4
2347,150,4
2348,151,4
2349,178,4
2350,528,4
2351,883,4
2352,5160,0
2353,5678,0
2354,5680,0
2355,6076,0
2356,8037,0
2357,4404,0
2358,5832,0
2359,6237,0
2360,6579,0
2361,7234,0
2362,3732,0
2363,4617,0
2364,5895,0
2365,6624,0
2366,7536,0
2367,3649,0
2368,4168,0
2369,4914,0
2370,5166,0
2371,6343,0
2372,3609,0
2373,4241,0
2374,5297,0
2375,6949,0
2376,7242,0
2377,3558,0
2378,4833,0
2379,5903,0
2380,7615,0
2381,7968,0
2382,3057,0
2383,3133,0
2384,5571,0
2385,6549,0
2386,7356,0
2387,2994,0
2388,3470,0
2389,4573,0
2390,4662,0
2391,7379,0
2392,2505,0
2393,3661,0
2394,3950,0
2395,7607,0
2396,7827,0
2397,2389,0
2398,4349,0
2399,4816,0
2400,5639,0
2401,6084,0
2402,2346,0
2403,3375,0
2404,4200,0
2405,5549,0
2406,7264,0
2407,2183,0
2408,3449,0
2409,4240,0
2410,6099,0
2411,6454,0
2412,2099,0
2413,2258,0
2414,2326,0
2415,3956,0
2416,7837,0
2417,1874,0
2418,5026,0
2419,5172,0
2420,6712,0
2421,8096,0
2422,1766,0
2423,3272,0
2424,5156,0
2425,5970,0
2426,7196,0
2427,1654,0
2428,1764,0
2429,2974,0
2430,4367,0
2431,6625,0
2432,1609,0
2433,2454,0
2434,3604,0
2435,6475,0
2436,7783,0
2437,1192,4
2438,2005,0
2439,6217,0
2440,6698,0
2441,6982,0
2442,1133,4
2443,1193,4
2444,1264,4
2445,1281,4
2446,1455,4
2447,749,4
2448,1155,4
2449,1337,4
2450,1904,0
2451,4488,0
2452,730,4
2453,855,4
2454,909,4
2455,1330,4
2456,7096,0
2457,723,4
2458,742,4
2459,870,4
2460,1456,4
2461,5975,0
2462,721,4
2463,741,4
2464,993,4
2465,1263,4
2466,7104,0
2467,556,4
2468,940,4
2469,3450,0
2470,4066,0
2471,6739,0
2472,451,4
2473,2369,0
2474,3092,0
2475,3687,0
2476,6347,0
2477,289,4
2478,370,4
2479,874,4
2480,1176,4
2481,3339,0
2482,234,4
2483,241,4
2484,258,4
2485,262,4
2486,276,4
2487,101,4
2488,232,4
2489,324,4
2490,350,4
2491,1165,4
2492,95,4
2493,120,4
2494,137,4
2495,142,4
2496,182,4
2497,83,4
2498,148,4
2499,492,4
2500,1047,4
2501,1097,4
2502,65,4
2503,807,4
2504,1129,4
2505,1227,4
2506,1358,4
2507,22,4
2508,1831,0
2509,1869,0
2510,3917,0
2511,5620,0
2512,20,4
2513,732,4
2514,1342,4
2515,1457,4
2516,3538,0
2517,5347,0
2518,6668,0
2519,7155,0
2520,8043,0
2521,4506,0
2522,5597,0
2523,5932,0
2524,6070,0
2525,3793,0
2526,4599,0
2527,6059,0
2528,7704,0
2529,2920,0
2530,2928,0
2531,4166,0
2532,6730,0
2533,2811,0
2534,3419,0
2535,4784,0
2536,5839,0
2537,2525,0
2538,2620,0
2539,4559,0
2540,7920,0
2541,2455,0
2542,2463,0
2543,4588,0
2544,5108,0
2545,2278,0
2546,2955,0
2547,5245,0
2548,7669,0
2549,1953,0
2550,2703,0
2551,6072,0
2552,6632,0
2553,1949,0
2554,4743,0
2555,7199,0
2556,7475,0
2557,1845,0
2558,2166,0
2559,6642,0
2560,7609,0
2561,1805,0
2562,2151,0
2563,2313,0
2564,8056,0
2565,1781,0
2566,4538,0
2567,5628,0
2568,7546,0
2569,1754,0
2570,4899,0
2571,6733,0
2572,7450,0
2573,1515,0
2574,3111,0
2575,4048,0
2576,5087,0
2577,1361,4
2578,3595,0
2579,4021,0
2580,4677,0
2581,1277,4
2582,6693,0
2583,7180,0
2584,7336,0
2585,1229,4
2586,1234,4
2587,1253,4
2588,1447,4
2589,1224,4
2590,2531,0
2591,2747,0
2592,7156,0
2593,928,4
2594,1292,4
2595,1345,4
2596,4152,0
2597,922,4
2598,4243,0
2599,4790,0
2600,5783,0
2601,873,4
2602,2674,0
2603,3203,0
2604,7643,0
2605,821,4
2606,2804,0
2607,4579,0
2608,5329,0
2609,677,4
2610,1262,4
2611,1267,4
2612,1288,4
2613,650,4
2614,1374,4
2615,1445,4
2616,1463,4
2617,572,4
2618,5790,0
2619,6327,0
2620,6896,0
2621,539,4
2622,577,4
2623,580,4
2624,760,4
2625,419,4
2626,1962,0
2627,3213,0
2628,4519,0
2629,299,4
2630,320,4
2631,325,4
2632,1218,4
2633,297,4
2634,555,4
2635,1304,4
2636,5229,0
2637,291,4
2638,360,4
2639,1425,4
2640,4098,0
2641,286,4
2642,1148,4
2643,1203,4
2644,1237,4
2645,250,4
2646,5661,0
2647,6164,0
2648,6471,0
2649,239,4
2650,810,4
2651,4018,0
2652,4198,0
2653,215,4
2654,671,4
2655,5523,0
2656,6947,0
2657,174,4
2658,695,4
2659,4612,0
2660,7429,0
2661,171,4
2662,626,4
2663,1174,4
2664,1312,4
2665,170,4
2666,1326,4
2667,1364,4
2668,1406,4
2669,117,4
2670,2384,0
2671,2449,0
2672,5341,0
2673,113,4
2674,130,4
2675,136,4
2676,176,4
2677,80,4
2678,115,4
2679,679,4
2680,681,4
2681,79,4
2682,184,4
2683,1278,4
2684,2501,0
2685,77,4
2686,81,4
2687,104,4
2688,7267,0
2689,5579,0
2690,5822,0
2691,7873,0
2692,5489,0
2693,7439,0
2694,7674,0
2695,5066,0
2696,6602,0
2697,6742,0
2698,4423,0
2699,5033,0
2700,6182,0
2701,4032,0
2702,5981,0
2703,6477,0
2704,3405,0
2705,3707,0
2706,6362,0
2707,3006,0
2708,4250,0
2709,4844,0
2710,2698,0
2711,2858,0
2712,7758,0
2713,2647,0
2714,3036,0
2715,6085,0
2716,2637,0
2717,3953,0
2718,4654,0
2719,2438,0
2720,5072,0
2721,6048,0
2722,2370,0
2723,3294,0
2724,4406,0
2725,2342,0
2726,2631,0
2727,6974,0
2728,2053,0
2729,3116,0
2730,4827,0
2731,1982,0
2732,5063,0
2733,5478,0
2734,1959,0
2735,5208,0
2736,5928,0
2737,1879,0
2738,6338,0
2739,6702,0
2740,1862,0
2741,2660,0
2742,5218,0
2743,1817,0
2744,3983,0
2745,6682,0
2746,1748,0
2747,3621,0
2748,3886,0
2749,1695,0
2750,1779,0
2751,6346,0
2752,1577,0
2753,2220,0
2754,4716,0
2755,1496,0
2756,2613,0
2757,7811,0
2758,1488,0
2759,1981,0
2760,7640,0
2761,1409,4
2762,7552,0
2763,7810,0
2764,1320,4
2765,1485,4
2766,2852,0
2767,1254,4
2768,1301,4
2769,1421,4
2770,1186,4
2771,1928,0
2772,4830,0
2773,1168,4
2774,1179,4
2775,1475,4
2776,850,4
2777,1132,4
2778,1346,4
2779,777,4
2780,1341,4
2781,5813,0
2782,629,4
2783,1400,4
2784,1435,4
2785,627,4
2786,1236,4
2787,7714,0
2788,530,4
2789,754,4
2790,1436,4
2791,527,4
2792,1333,4
2793,1423,4
2794,516,4
2795,621,4
2796,622,4
2797,458,4
2798,886,4
2799,1415,4
2800,450,4
2801,7208,0
2802,7468,0
2803,418,4
2804,420,4
2805,443,4
2806,413,4
2807,1204,4
2808,5736,0
2809,380,4
2810,1134,4
2811,7706,0
2812,347,4
2813,470,4
2814,1250,4
2815,341,4
2816,589,4
2817,1246,4
2818,337,4
2819,632,4
2820,1157,4
2821,336,4
2822,3685,0
2823,5837,0
2824,271,4
2825,975,4
2826,5907,0
2827,270,4
2828,427,4
2829,3098,0
2830,249,4
2831,727,4
2832,6852,0
2833,229,4
2834,284,4
2835,2942,0
2836,228,4
2837,369,4
2838,4905,0
2839,202,4
2840,2895,0
2841,6581,0
2842,175,4
2843,1225,4
2844,6248,0
2845,152,4
2846,414,4
2847,415,4
2848,140,4
2849,141,4
2850,1145,4
2851,99,4
2852,4348,0
2853,7300,0
2854,62,4
2855,548,4
2856,1265,4
2857,60,4
2858,91,4
2859,279,4
2860,54,4
2861,636,4
2862,641,4
2863,53,4
2864,1323,4
2865,3729,0
2866,47,4
2867,282,4
2868,1856,0
2869,2,4
2870,13,4
2871,625,4
2872,7511,0
2873,7687,0
2874,7454,0
2875,7562,0
2876,7304,0
2877,7602,0
2878,7187,0
2879,7231,0
2880,7090,0
2881,7340,0
2882,6975,0
2883,7281,0
2884,6944,0
2885,7257,0
2886,6849,0
2887,6935,0
2888,6835,0
2889,7548,0
2890,6749,0
2891,7129,0
2892,6714,0
2893,8023,0
2894,6630,0
2895,8042,0
2896,6604,0
2897,6958,0
2898,6447,0
2899,7627,0
2900,6417,0
2901,6517,0
2902,6316,0
2903,8065,0
2904,6311,0
2905,6655,0
2906,6284,0
2907,7848,0
2908,6172,0
2909,8103,0
2910,6150,0
2911,6662,0
2912,6098,0
2913,7469,0
2914,6066,0
2915,6614,0
2916,6020,0
2917,6375,0
2918,5953,0
2919,6920,0
2920,5799,0
2921,7369,0
2922,5798,0
2923,5860,0
2924,5632,0
2925,6016,0
2926,5477,0
2927,5788,0
2928,5443,0
2929,5588,0
2930,5380,0
2931,5439,0
2932,5299,0
2933,6433,0
2934,5209,0
2935,5572,0
2936,5174,0
2937,7411,0
2938,5167,0
2939,7645,0
2940,5140,0
2941,5871,0
2942,5113,0
2943,7672,0
2944,4915,0
2945,5230,0
2946,4900,0
2947,6251,0
2948,4837,0
2949,6095,0
2950,4771,0
2951,5742,0
2952,4621,0
2953,5578,0
2954,4608,0
2955,7834,0
2956,4558,0
2957,7170,0
2958,4532,0
2959,5924,0
2960,4517,0
2961,7914,0
2962,4447,0
2963,7739,0
2964,4365,0
2965,7586,0
2966,4338,0
2967,5890,0
2968,4310,0
2969,6228,0
2970,4207,0
2971,5920,0
2972,4104,0
2973,7716,0
2974,4097,0
2975,5700,0
2976,4028,0
2977,6962,0
2978,4003,0
2979,6044,0
2980,3980,0
2981,4111,0
2982,3851,0
2983,5770,0
2984,3813,0
2985,5163,0
2986,3782,0
2987,5095,0
2988,3659,0
2989,7497,0
2990,3627,0
2991,7885,0
2992,3585,0
2993,5679,0
2994,3540,0
2995,4017,0
2996,3532,0
2997,7478,0
2998,3509,0
2999,5224,0
3000,3505,0
3001,6109,0
3002,3479,0
3003,4872,0
3004,3430,0
3005,5662,0
3006,3379,0
3007,4745,0
3008,3327,0
3009,5917,0
3010,3231,0
3011,3451,0
3012,3191,0
3013,4378,0
3014,3181,0
3015,6200,0
3016,3017,0
3017,7524,0
3018,3013,0
3019,3177,0
3020,3008,0
3021,4016,0
3022,2988,0
3023,3352,0
3024,2983,0
3025,4694,0
3026,2938,0
3027,5879,0
3028,2927,0
3029,3582,0
3030,2887,0
3031,4179,0
3032,2849,0
3033,3185,0
3034,2821,0
3035,3511,0
3036,2778,0
3037,3501,0
3038,2680,0
3039,2936,0
3040,2624,0
3041,6550,0
3042,2622,0
3043,3873,0
3044,2605,0
3045,3328,0
3046,2586,0
3047,6506,0
3048,2483,0
3049,7027,0
3050,2452,0
3051,7460,0
3052,2409,0
3053,5261,0
3054,2394,0
3055,6977,0
3056,2352,0
3057,2692,0
3058,2311,0
3059,5602,0
3060,2298,0
3061,7897,0
3062,2294,0
3063,6520,0
3064,2271,0
3065,2514,0
3066,2235,0
3067,3885,0
3068,2234,0
3069,4986,0
3070,2231,0
3071,6495,0
3072,2124,0
3073,3658,0
3074,2104,0
3075,5165,0
3076,2074,0
3077,3645,0
3078,2065,0
3079,3774,0
3080,2055,0
3081,5423,0
3082,2035,0
3083,5444,0
3084,2010,0
3085,3986,0
3086,2002,0
3087,7580,0
3088,1974,0
3089,3534,0
3090,1944,0
3091,4590,0
3092,1943,0
3093,7686,0
3094,1934,0
3095,4244,0
3096,1933,0
3097,6046,0
3098,1881,0
3099,5002,0
3100,1854,0
3101,4730,0
3102,1834,0
3103,2619,0
3104,1809,0
3105,3544,0
3106,1800,0
3107,3656,0
3108,1765,0
3109,4595,0
3110,1756,0
3111,6469,0
3112,1741,0
3113,7998,0
3114,1726,0
3115,3510,0
3116,1703,0
3117,3959,0
3118,1650,0
3119,7661,0
3120,1619,0
3121,6282,0
3122,1596,0
3123,5069,0
3124,1589,0
3125,8097,0
3126,1523,0
3127,3337,0
3128,1521,0
3129,6796,0
3130,1479,4
3131,4089,0
3132,1424,4
3133,7871,0
3134,1416,4
3135,3806,0
3136,1405,4
3137,7151,0
3138,1403,4
3139,1449,4
3140,1399,4
3141,7258,0
3142,1394,4
3143,6699,0
3144,1383,4
3145,2448,0
3146,1381,4
3147,1414,4
3148,1357,4
3149,1484,4
3150,1351,4
3151,4797,0
3152,1338,4
3153,4078,0
3154,1233,4
3155,1287,4
3156,1156,4
3157,1198,4
3158,1149,4
3159,1195,4
3160,1126,4
3161,1347,4
3162,1099,4
3163,1105,4
3164,1053,4
3165,1118,4
3166,1048,4
3167,3598,0
3168,1042,4
3169,6754,0
3170,1018,4
3171,1026,4
3172,988,4
3173,1051,4
3174,966,4
3175,5337,0
3176,965,4
3177,2878,0
3178,961,4
3179,5693,0
3180,957,4
3181,1021,4
3182,949,4
3183,1087,4
3184,933,4
3185,1896,0
3186,927,4
3187,1306,4
3188,919,4
3189,7528,0
3190,878,4
3191,921,4
3192,863,4
3193,1376,4
3194,848,4
3195,7507,0
3196,838,4
3197,898,4
3198,833,4
3199,3099,0
3200,832,4
3201,6233,0
3202,830,4
3203,3192,0
3204,827,4
3205,6568,0
3206,825,4
3207,1655,0
3208,822,4
3209,5482,0
3210,815,4
3211,904,4
3212,765,4
3213,846,4
3214,755,4
3215,4088,0
3216,750,4
3217,880,4
3218,744,4
3219,1697,0
3220,702,4
3221,6845,0
3222,690,4
3223,691,4
3224,670,4
3225,3301,0
3226,648,4
3227,675,4
3228,640,4
3229,1143,4
3230,631,4
3231,6518,0
3232,618,4
3233,619,4
3234,605,4
3235,1123,4
3236,593,4
3237,4997,0
3238,591,4
3239,1169,4
3240,585,4
3241,1401,4
3242,582,4
3243,2612,0
3244,564,4
3245,3653,0
3246,552,4
3247,706,4
3248,542,4
3249,544,4
3250,521,4
3251,522,4
3252,518,4
3253,7432,0
3254,489,4
3255,5584,0
3256,481,4
3257,713,4
3258,469,4
3259,3047,0
3260,468,4
3261,4133,0
3262,462,4
3263,1369,4
3264,454,4
3265,1392,4
3266,438,4
3267,1059,4
3268,411,4
3269,4804,0
3270,406,4
3271,1668,0
3272,395,4
3273,885,4
3274,385,4
3275,1297,4
3276,381,4
3277,557,4
3278,364,4
3279,791,4
3280,355,4
3281,514,4
3282,348,4
3283,5711,0
3284,334,4
3285,1221,4
3286,331,4
3287,4728,0
3288,310,4
3289,6606,0
3290,308,4
3291,1154,4
3292,283,4
3293,300,4
3294,281,4
3295,328,4
3296,275,4
3297,1131,4
3298,251,4
3299,1302,4
3300,247,4
3301,6380,0
3302,242,4
3303,3555,0
3304,235,4
3305,1256,4
3306,227,4
3307,332,4
3308,226,4
3309,7902,0
3310,221,4
3311,1318,4
3312,212,4
3313,1201,4
3314,207,4
3315,656,4
3316,205,4
3317,1274,4
3318,200,4
3319,500,4
3320,197,4
3321,339,4
3322,195,4
3323,338,4
3324,191,4
3325,194,4
3326,190,4
3327,309,4
3328,181,4
3329,4033,0
3330,177,4
3331,349,4
3332,157,4
3333,166,4
3334,139,4
3335,1325,4
3336,131,4
3337,1163,4
3338,116,4
3339,155,4
3340,103,4
3341,363,4
3342,97,4
3343,2429,0
3344,89,4
3345,236,4
3346,82,4
3347,504,4
3348,63,4
3349,704,4
3350,49,4
3351,1257,4
3352,35,4
3353,401,4
3354,25,4
3355,416,4
3356,8105,0
3357,8104,0
3358,8102,0
3359,8101,0
3360,8100,0
3361,8099,0
3362,8098,0
3363,8095,0
3364,8094,0
3365,8093,0
3366,8092,0
3367,8091,0
3368,8089,0
3369,8088,0
3370,8087,0
3371,8086,0
3372,8085,0
3373,8084,0
3374,8083,0
3375,8082,0
3376,8081,0
3377,8080,0
3378,8079,0
3379,8078,0
3380,8077,0
3381,8075,0
3382,8074,0
3383,8072,0
3384,8071,0
3385,8069,0
3386,8068,0
3387,8067,0
3388,8066,0
3389,8064,0
3390,8062,0
3391,8061,0
3392,8060,0
3393,8057,0
3394,8055,0
3395,8053,0
3396,8052,0
3397,8051,0
3398,8050,0
3399,8049,0
3400,8048,0
3401,8045,0
3402,8044,0
3403,8041,0
3404,8039,0
3405,8036,0
3406,8035,0
3407,8033,0
3408,8032,0
3409,8031,0
3410,8030,0
3411,8027,0
3412,8025,0
3413,8024,0
3414,8022,0
3415,8021,0
3416,8020,0
3417,8019,0
3418,8018,0
3419,8015,0
3420,8012,0
3421,8009,0
3422,8008,0
3423,8007,0
3424,8006,0
3425,8004,0
3426,8003,0
3427,8002,0
3428,8001,0
3429,8000,0
3430,7996,0
3431,7994,0
3432,7993,0
3433,7991,0
3434,7990,0
3435,7989,0
3436,7988,0
3437,7987,0
3438,7986,0
3439,7985,0
3440,7983,0
3441,7982,0
3442,7981,0
3443,7980,0
3444,7977,0
3445,7976,0
3446,7975,0
3447,7974,0
3448,7973,0
3449,7971,0
3450,7970,0
3451,7969,0
3452,7964,0
3453,7962,0
3454,7960,0
3455,7958,0
3456,7957,0
3457,7956,0
3458,7955,0
3459,7954,0
3460,7953,0
3461,7951,0
3462,7948,0
3463,7946,0
3464,7944,0
3465,7942,0
3466,7940,0
3467,7939,0
3468,7938,0
3469,7936,0
3470,7934,0
3471,7933,0
3472,7931,0
3473,7930,0
3474,7929,0
3475,7928,0
3476,7927,0
3477,7926,0
3478,7925,0
3479,7923,0
3480,7922,0
3481,7921,0
3482,7919,0
3483,7918,0
3484,7916,0
3485,7915,0
3486,7913,0
3487,7912,0
3488,7911,0
3489,7910,0
3490,7909,0
3491,7907,0
3492,7904,0
3493,7903,0
3494,7900,0
3495,7899,0
3496,7898,0
3497,7896,0
3498,7895,0
3499,7894,0
3500,7893,0
3501,7890,0
3502,7889,0
3503,7887,0
3504,7886,0
3505,7882,0
3506,7881,0
3507,7879,0
3508,7878,0
3509,7877,0
3510,7875,0
3511,7874,0
3512,7870,0
3513,7868,0
3514,7867,0
3515,7866,0
3516,7865,0
3517,7864,0
3518,7862,0
3519,7861,0
3520,7857,0
3521,7856,0
3522,7855,0
3523,7853,0
3524,7852,0
3525,7851,0
3526,7849,0
3527,7847,0
3528,7846,0
3529,7843,0
3530,7841,0
3531,7840,0
3532,7839,0
3533,7835,0
3534,7833,0
3535,7832,0
3536,7830,0
3537,7826,0
3538,7825,0
3539,7824,0
3540,7823,0
3541,7822,0
3542,7821,0
3543,7818,0
3544,7809,0
3545,7808,0
3546,7807,0
3547,7804,0
3548,7801,0
3549,7800,0
3550,7798,0
3551,7797,0
3552,7796,0
3553,7794,0
3554,7792,0
3555,7789,0
3556,7788,0
3557,7787,0
3558,7786,0
3559,7784,0
3560,7781,0
3561,7780,0
3562,7779,0
3563,7778,0
3564,7777,0
3565,7776,0
3566,7775,0
3567,7773,0
3568,7769,0
3569,7768,0
3570,7767,0
3571,7766,0
3572,7764,0
3573,7763,0
3574,7762,0
3575,7761,0
3576,7760,0
3577,7759,0
3578,7757,0
3579,7756,0
3580,7754,0
3581,7753,0
3582,7752,0
3583,7751,0
3584,7750,0
3585,7749,0
3586,7748,0
3587,7747,0
3588,7746,0
3589,7745,0
3590,7742,0
3591,7740,0
3592,7737,0
3593,7736,0
3594,7735,0
3595,7734,0
3596,7733,0
3597,7732,0
3598,7731,0
3599,7729,0
3600,7728,0
3601,7727,0
3602,7726,0
3603,7724,0
3604,7723,0
3605,7721,0
3606,7720,0
3607,7717,0
3608,7715,0
3609,7713,0
3610,7711,0
3611,7710,0
3612,7709,0
3613,7708,0
3614,7707,0
3615,7705,0
3616,7703,0
3617,7702,0
3618,7701,0
3619,7700,0
3620,7698,0
3621,7697,0
3622,7696,0
3623,7694,0
3624,7693,0
3625,7692,0
3626,7691,0
3627,7690,0
3628,7684,0
3629,7683,0
3630,7681,0
3631,7680,0
3632,7678,0
3633,7676,0
3634,7675,0
3635,7671,0
3636,7670,0
3637,7668,0
3638,7665,0
3639,7662,0
3640,7660,0
3641,7659,0
3642,7657,0
3643,7656,0
3644,7654,0
3645,7650,0
3646,7649,0
3647,7648,0
3648,7646,0
3649,7644,0
3650,7639,0
3651,7637,0
3652,7636,0
3653,7634,0
3654,7631,0
3655,7630,0
3656,7629,0
3657,7628,0
3658,7626,0
3659,7625,0
3660,7624,0
3661,7623,0
3662,7621,0
3663,7619,0
3664,7618,0
3665,7617,0
3666,7616,0
3667,7614,0
3668,7613,0
3669,7612,0
3670,7608,0
3671,7603,0
3672,7599,0
3673,7597,0
3674,7595,0
3675,7594,0
3676,7592,0
3677,7589,0
3678,7588,0
3679,7587,0
3680,7584,0
3681,7583,0
3682,7581,0
3683,7578,0
3684,7576,0
3685,7572,0
3686,7571,0
3687,7570,0
3688,7569,0
3689,7568,0
3690,7567,0
3691,7566,0
3692,7565,0
3693,7563,0
3694,7560,0
3695,7559,0
3696,7558,0
3697,7556,0
3698,7555,0
3699,7554,0
3700,7553,0
3701,7551,0
3702,7549,0
3703,7547,0
3704,7545,0
3705,7543,0
3706,7542,0
3707,7538,0
3708,7537,0
3709,7534,0
3710,7532,0
3711,7531,0
3712,7530,0
3713,7529,0
3714,7527,0
3715,7526,0
3716,7525,0
3717,7523,0
3718,7522,0
3719,7521,0
3720,7520,0
3721,7519,0
3722,7518,0
3723,7517,0
3724,7514,0
3725,7513,0
3726,7512,0
3727,7510,0
3728,7508,0
3729,7506,0
3730,7505,0
3731,7504,0
3732,7503,0
3733,7501,0
3734,7499,0
3735,7498,0
3736,7496,0
3737,7495,0
3738,7493,0
3739,7492,0
3740,7491,0
3741,7488,0
3742,7487,0
3743,7486,0
3744,7485,0
3745,7484,0
3746,7483,0
3747,7481,0
3748,7479,0
3749,7474,0
3750,7473,0
3751,7472,0
3752,7470,0
3753,7466,0
3754,7464,0
3755,7462,0
3756,7459,0
3757,7458,0
3758,7457,0
3759,7456,0
3760,7453,0
3761,7452,0
3762,7449,0
3763,7448,0
3764,7446,0
3765,7445,0
3766,7444,0
3767,7440,0
3768,7438,0
3769,7433,0
3770,7431,0
3771,7430,0
3772,7427,0
3773,7426,0
3774,7425,0
3775,7422,0
3776,7420,0
3777,7418,0
3778,7416,0
3779,7415,0
3780,7414,0
3781,7413,0
3782,7410,0
3783,7409,0
3784,7406,0
3785,7405,0
3786,7404,0
3787,7403,0
3788,7402,0
3789,7401,0
3790,7400,0
3791,7398,0
3792,7397,0
3793,7396,0
3794,7395,0
3795,7394,0
3796,7392,0
3797,7391,0
3798,7390,0
3799,7387,0
3800,7386,0
3801,7385,0
3802,7384,0
3803,7383,0
3804,7382,0
3805,7381,0
3806,7380,0
3807,7378,0
3808,7376,0
3809,7375,0
3810,7374,0
3811,7373,0
3812,7372,0
3813,7367,0
3814,7365,0
3815,7362,0
3816,7361,0
3817,7360,0
3818,7359,0
3819,7354,0
3820,7353,0
3821,7351,0
3822,7348,0
3823,7347,0
3824,7343,0
3825,7342,0
3826,7341,0
3827,7338,0
3828,7337,0
3829,7335,0
3830,7334,0
3831,7332,0
3832,7330,0
3833,7329,0
3834,7328,0
3835,7327,0
3836,7324,0
3837,7323,0
3838,7322,0
3839,7321,0
3840,7319,0
3841,7317,0
3842,7313,0
3843,7311,0
3844,7310,0
3845,7308,0
3846,7306,0
3847,7305,0
3848,7303,0
3849,7302,0
3850,7299,0
3851,7298,0
3852,7297,0
3853,7294,0
3854,7293,0
3855,7292,0
3856,7291,0
3857,7290,0
3858,7289,0
3859,7288,0
3860,7287,0
3861,7286,0
3862,7285,0
3863,7284,0
3864,7282,0
3865,7280,0
3866,7279,0
3867,7278,0
3868,7277,0
3869,7276,0
3870,7275,0
3871,7274,0
3872,7273,0
3873,7272,0
3874,7271,0
3875,7269,0
3876,7266,0
3877,7265,0
3878,7261,0
3879,7260,0
3880,7259,0
3881,7256,0
3882,7253,0
3883,7252,0
3884,7251,0
3885,7249,0
3886,7247,0
3887,7246,0
3888,7245,0
3889,7244,0
3890,7240,0
3891,7237,0
3892,7235,0
3893,7232,0
3894,7229,0
3895,7228,0
3896,7227,0
3897,7226,0
3898,7225,0
3899,7224,0
3900,7223,0
3901,7222,0
3902,7221,0
3903,7217,0
3904,7216,0
3905,7215,0
3906,7211,0
3907,7210,0
3908,7209,0
3909,7207,0
3910,7206,0
3911,7205,0
3912,7204,0
3913,7203,0
3914,7201,0
3915,7200,0
3916,7194,0
3917,7193,0
3918,7191,0
3919,7189,0
3920,7188,0
3921,7185,0
3922,7184,0
3923,7183,0
3924,7179,0
3925,7177,0
3926,7176,0
3927,7175,0
3928,7174,0
3929,7173,0
3930,7172,0
3931,7168,0
3932,7167,0
3933,7164,0
3934,7163,0
3935,7160,0
3936,7159,0
3937,7158,0
3938,7157,0
3939,7153,0
3940,7152,0
3941,7150,0
3942,7148,0
3943,7146,0
3944,7145,0
3945,7143,0
3946,7142,0
3947,7141,0
3948,7140,0
3949,7139,0
3950,7138,0
3951,7137,0
3952,7136,0
3953,7134,0
3954,7130,0
3955,7127,0
3956,7125,0
3957,7124,0
3958,7123,0
3959,7121,0
3960,7120,0
3961,7119,0
3962,7118,0
3963,7116,0
3964,7115,0
3965,7113,0
3966,7111,0
3967,7110,0
3968,7109,0
3969,7108,0
3970,7107,0
3971,7106,0
3972,7105,0
3973,7102,0
3974,7101,0
3975,7100,0
3976,7099,0
3977,7098,0
3978,7097,0
3979,7095,0
3980,7094,0
3981,7093,0
3982,7092,0
3983,7091,0
3984,7089,0
3985,7085,0
3986,7084,0
3987,7083,0
3988,7082,0
3989,7080,0
3990,7079,0
3991,7077,0
3992,7075,0
3993,7072,0
3994,7071,0
3995,7070,0
3996,7069,0
3997,7068,0
3998,7067,0
3999,7066,0
4000,7064,0
4001,7063,0
4002,7062,0
4003,7061,0
4004,7058,0
4005,7057,0
4006,7055,0
4007,7053,0
4008,7052,0
4009,7050,0
4010,7049,0
4011,7048,0
4012,7047,0
4013,7046,0
4014,7044,0
4015,7043,0
4016,7040,0
4017,7039,0
4018,7038,0
4019,7037,0
4020,7035,0
4021,7034,0
4022,7033,0
4023,7031,0
4024,7028,0
4025,7026,0
4026,7025,0
4027,7023,0
4028,7021,0
4029,7020,0
4030,7019,0
4031,7018,0
4032,7017,0
4033,7015,0
4034,7014,0
4035,7011,0
4036,7009,0
4037,7007,0
4038,7006,0
4039,7001,0
4040,7000,0
4041,6999,0
4042,6995,0
4043,6994,0
4044,6993,0
4045,6991,0
4046,6985,0
4047,6983,0
4048,6981,0
4049,6980,0
4050,6979,0
4051,6978,0
4052,6976,0
4053,6973,0
4054,6972,0
4055,6970,0
4056,6969,0
4057,6967,0
4058,6966,0
4059,6964,0
4060,6963,0
4061,6959,0
4062,6956,0
4063,6954,0
4064,6953,0
4065,6952,0
4066,6951,0
4067,6950,0
4068,6948,0
4069,6943,0
4070,6942,0
4071,6937,0
4072,6936,0
4073,6934,0
4074,6931,0
4075,6930,0
4076,6928,0
4077,6927,0
4078,6926,0
4079,6923,0
4080,6919,0
4081,6918,0
4082,6916,0
4083,6915,0
4084,6913,0
4085,6907,0
4086,6905,0
4087,6903,0
4088,6902,0
4089,6901,0
4090,6900,0
4091,6898,0
4092,6897,0
4093,6893,0
4094,6892,0
4095,6891,0
4096,6890,0
4097,6889,0
4098,6888,0
4099,6887,0
4100,6884,0
4101,6883,0
4102,6882,0
4103,6881,0
4104,6880,0
4105,6879,0
4106,6877,0
4107,6876,0
4108,6875,0
4109,6870,0
4110,6868,0
4111,6867,0
4112,6866,0
4113,6864,0
4114,6863,0
4115,6862,0
4116,6859,0
4117,6858,0
4118,6856,0
4119,6855,0
4120,6854,0
4121,6848,0
4122,6847,0
4123,6846,0
4124,6844,0
4125,6843,0
4126,6842,0
4127,6841,0
4128,6839,0
4129,6838,0
4130,6837,0
4131,6836,0
4132,6833,0
4133,6832,0
4134,6829,0
4135,6827,0
4136,6823,0
4137,6821,0
4138,6820,0
4139,6819,0
4140,6818,0
4141,6817,0
4142,6816,0
4143,6814,0
4144,6813,0
4145,6811,0
4146,6810,0
4147,6808,0
4148,6806,0
4149,6805,0
4150,6804,0
4151,6802,0
4152,6801,0
4153,6799,0
4154,6798,0
4155,6794,0
4156,6791,0
4157,6790,0
4158,6789,0
4159,6788,0
4160,6787,0
4161,6785,0
4162,6783,0
4163,6782,0
4164,6781,0
4165,6779,0
4166,6778,0
4167,6777,0
4168,6776,0
4169,6770,0
4170,6769,0
4171,6768,0
4172,6767,0
4173,6766,0
4174,6765,0
4175,6763,0
4176,6762,0
4177,6760,0
4178,6758,0
4179,6755,0
4180,6752,0
4181,6751,0
4182,6750,0
4183,6748,0
4184,6747,0
4185,6745,0
4186,6743,0
4187,6741,0
4188,6737,0
4189,6736,0
4190,6735,0
4191,6734,0
4192,6732,0
4193,6731,0
4194,6729,0
4195,6728,0
4196,6726,0
4197,6723,0
4198,6721,0
4199,6720,0
4200,6719,0
4201,6718,0
4202,6715,0
4203,6713,0
4204,6711,0
4205,6710,0
4206,6709,0
4207,6707,0
4208,6706,0
4209,6704,0
4210,6703,0
4211,6701,0
4212,6700,0
4213,6697,0
4214,6696,0
4215,6694,0
4216,6691,0
4217,6690,0
4218,6689,0
4219,6687,0
4220,6686,0
4221,6684,0
4222,6680,0
4223,6679,0
4224,6678,0
4225,6677,0
4226,6674,0
4227,6673,0
4228,6672,0
4229,6670,0
4230,6667,0
4231,6665,0
4232,6664,0
4233,6661,0
4234,6660,0
4235,6659,0
4236,6657,0
4237,6653,0
4238,6652,0
4239,6651,0
4240,6650,0
4241,6649,0
4242,6648,0
4243,6643,0
4244,6641,0
4245,6640,0
4246,6638,0
4247,6637,0
4248,6635,0
4249,6633,0
4250,6629,0
4251,6628,0
4252,6627,0
4253,6626,0
4254,6620,0
4255,6619,0
4256,6618,0
4257,6617,0
4258,6615,0
4259,6613,0
4260,6612,0
4261,6611,0
4262,6609,0
4263,6608,0
4264,6607,0
4265,6605,0
4266,6603,0
4267,6601,0
4268,6600,0
4269,6599,0
4270,6597,0
4271,6595,0
4272,6594,0
4273,6591,0
4274,6590,0
4275,6588,0
4276,6587,0
4277,6586,0
4278,6585,0
4279,6584,0
4280,6580,0
4281,6576,0
4282,6575,0
4283,6574,0
4284,6572,0
4285,6570,0
4286,6566,0
4287,6565,0
4288,6564,0
4289,6563,0
4290,6562,0
4291,6561,0
4292,6560,0
4293,6559,0
4294,6558,0
4295,6557,0
4296,6556,0
4297,6555,0
4298,6554,0
4299,6553,0
4300,6552,0
4301,6551,0
4302,6548,0
4303,6547,0
4304,6545,0
4305,6544,0
4306,6542,0
4307,6541,0
4308,6537,0
4309,6535,0
4310,6534,0
4311,6533,0
4312,6528,0
4313,6527,0
4314,6526,0
4315,6525,0
4316,6523,0
4317,6522,0
4318,6521,0
4319,6512,0
4320,6511,0
4321,6510,0
4322,6509,0
4323,6508,0
4324,6507,0
4325,6501,0
4326,6500,0
4327,6498,0
4328,6497,0
4329,6496,0
4330,6494,0
4331,6492,0
4332,6491,0
4333,6489,0
4334,6486,0
4335,6485,0
4336,6484,0
4337,6483,0
4338,6482,0
4339,6481,0
4340,6479,0
4341,6478,0
4342,6474,0
4343,6473,0
4344,6472,0
4345,6468,0
4346,6467,0
4347,6465,0
4348,6464,0
4349,6463,0
4350,6462,0
4351,6461,0
4352,6460,0
4353,6459,0
4354,6458,0
4355,6457,0
4356,6456,0
4357,6455,0
4358,6451,0
4359,6450,0
4360,6449,0
4361,6448,0
4362,6446,0
4363,6445,0
4364,6444,0
4365,6442,0
4366,6441,0
4367,6440,0
4368,6437,0
4369,6435,0
4370,6434,0
4371,6432,0
4372,6431,0
4373,6430,0
4374,6429,0
4375,6427,0
4376,6426,0
4377,6425,0
4378,6424,0
4379,6423,0
4380,6422,0
4381,6421,0
4382,6420,0
4383,6418,0
4384,6415,0
4385,6414,0
4386,6412,0
4387,6411,0
4388,6410,0
4389,6407,0
4390,6406,0
4391,6405,0
4392,6404,0
4393,6401,0
4394,6400,0
4395,6399,0
4396,6397,0
4397,6396,0
4398,6395,0
4399,6393,0
4400,6391,0
4401,6390,0
4402,6389,0
4403,6388,0
4404,6384,0
4405,6383,0
4406,6382,0
4407,6381,0
4408,6377,0
4409,6376,0
4410,6374,0
4411,6373,0
4412,6372,0
4413,6371,0
4414,6368,0
4415,6367,0
4416,6365,0
4417,6364,0
4418,6363,0
4419,6361,0
4420,6360,0
4421,6357,0
4422,6355,0
4423,6354,0
4424,6350,0
4425,6348,0
4426,6342,0
4427,6341,0
4428,6340,0
4429,6339,0
4430,6335,0
4431,6334,0
4432,6333,0
4433,6332,0
4434,6331,0
4435,6330,0
4436,6328,0
4437,6326,0
4438,6324,0
4439,6321,0
4440,6319,0
4441,6315,0
4442,6314,0
4443,6313,0
4444,6312,0
4445,6310,0
4446,6309,0
4447,6308,0
4448,6304,0
4449,6301,0
4450,6300,0
4451,6299,0
4452,6298,0
4453,6294,0
4454,6292,0
4455,6291,0
4456,6290,0
4457,6289,0
4458,6286,0
4459,6283,0
4460,6280,0
4461,6278,0
4462,6277,0
4463,6275,0
4464,6274,0
4465,6272,0
4466,6271,0
4467,6270,0
4468,6267,0
4469,6266,0
4470,6265,0
4471,6262,0
4472,6261,0
4473,6260,0
4474,6258,0
4475,6257,0
4476,6255,0
4477,6253,0
4478,6250,0
4479,6247,0
4480,6246,0
4481,6244,0
4482,6243,0
4483,6242,0
4484,6241,0
4485,6239,0
4486,6236,0
4487,6232,0
4488,6230,0
4489,6229,0
4490,6223,0
4491,6222,0
4492,6221,0
4493,6219,0
4494,6218,0
4495,6216,0
4496,6214,0
4497,6213,0
4498,6211,0
4499,6210,0
4500,6208,0
4501,6207,0
4502,6206,0
4503,6204,0
4504,6203,0
4505,6202,0
4506,6201,0
4507,6199,0
4508,6198,0
4509,6196,0
4510,6195,0
4511,6192,0
4512,6191,0
4513,6190,0
4514,6188,0
4515,6187,0
4516,6186,0
4517,6185,0
4518,6184,0
4519,6183,0
4520,6181,0
4521,6179,0
4522,6178,0
4523,6176,0
4524,6175,0
4525,6174,0
4526,6173,0
4527,6171,0
4528,6169,0
4529,6167,0
4530,6166,0
4531,6162,0
4532,6161,0
4533,6160,0
4534,6156,0
4535,6155,0
4536,6154,0
4537,6153,0
4538,6152,0
4539,6151,0
4540,6149,0
4541,6147,0
4542,6146,0
4543,6143,0
4544,6142,0
4545,6141,0
4546,6139,0
4547,6138,0
4548,6136,0
4549,6135,0
4550,6133,0
4551,6132,0
4552,6130,0
4553,6129,0
4554,6128,0
4555,6127,0
4556,6126,0
4557,6125,0
4558,6124,0
4559,6120,0
4560,6119,0
4561,6118,0
4562,6117,0
4563,6116,0
4564,6115,0
4565,6114,0
4566,6113,0
4567,6112,0
4568,6110,0
4569,6108,0
4570,6107,0
4571,6105,0
4572,6104,0
4573,6103,0
4574,6102,0
4575,6101,0
4576,6100,0
4577,6097,0
4578,6094,0
4579,6092,0
4580,6091,0
4581,6090,0
4582,6089,0
4583,6088,0
4584,6083,0
4585,6082,0
4586,6081,0
4587,6080,0
4588,6079,0
4589,6078,0
4590,6077,0
4591,6068,0
4592,6064,0
4593,6063,0
4594,6062,0
4595,6061,0
4596,6056,0
4597,6053,0
4598,6051,0
4599,6050,0
4600,6049,0
4601,6047,0
4602,6043,0
4603,6041,0
4604,6040,0
4605,6038,0
4606,6036,0
4607,6035,0
4608,6033,0
4609,6030,0
4610,6029,0
4611,6026,0
4612,6024,0
4613,6023,0
4614,6022,0
4615,6021,0
4616,6019,0
4617,6017,0
4618,6015,0
4619,6014,0
4620,6013,0
4621,6012,0
4622,6011,0
4623,6010,0
4624,6009,0
4625,6007,0
4626,6006,0
4627,6004,0
4628,6003,0
4629,6002,0
4630,6001,0
4631,5998,0
4632,5997,0
4633,5996,0
4634,5995,0
4635,5994,0
4636,5993,0
4637,5992,0
4638,5991,0
4639,5989,0
4640,5988,0
4641,5987,0
4642,5984,0
4643,5983,0
4644,5982,0
4645,5980,0
4646,5978,0
4647,5976,0
4648,5973,0
4649,5971,0
4650,5969,0
4651,5968,0
4652,5965,0
4653,5962,0
4654,5961,0
4655,5959,0
4656,5955,0
4657,5952,0
4658,5951,0
4659,5949,0
4660,5948,0
4661,5947,0
4662,5941,0
4663,5940,0
4664,5935,0
4665,5934,0
4666,5926,0
4667,5925,0
4668,5923,0
4669,5922,0
4670,5919,0
4671,5915,0
4672,5914,0
4673,5912,0
4674,5911,0
4675,5910,0
4676,5908,0
4677,5906,0
4678,5904,0
4679,5901,0
4680,5900,0
4681,5898,0
4682,5897,0
4683,5896,0
4684,5894,0
4685,5893,0
4686,5892,0
4687,5888,0
4688,5886,0
4689,5885,0
4690,5881,0
4691,5880,0
4692,5878,0
4693,5876,0
4694,5874,0
4695,5870,0
4696,5869,0
4697,5868,0
4698,5865,0
4699,5863,0
4700,5862,0
4701,5861,0
4702,5858,0
4703,5857,0
4704,5855,0
4705,5854,0
4706,5852,0
4707,5851,0
4708,5850,0
4709,5849,0
4710,5848,0
4711,5847,0
4712,5846,0
4713,5845,0
4714,5844,0
4715,5843,0
4716,5842,0
4717,5841,0
4718,5838,0
4719,5836,0
4720,5835,0
4721,5834,0
4722,5833,0
4723,5830,0
4724,5829,0
4725,5828,0
4726,5827,0
4727,5825,0
4728,5823,0
4729,5821,0
4730,5820,0
4731,5819,0
4732,5817,0
4733,5816,0
4734,5815,0
4735,5814,0
4736,5810,0
4737,5808,0
4738,5807,0
4739,5805,0
4740,5803,0
4741,5802,0
4742,5801,0
4743,5800,0
4744,5797,0
4745,5796,0
4746,5795,0
4747,5794,0
4748,5793,0
4749,5792,0
4750,5789,0
4751,5787,0
4752,5784,0
4753,5782,0
4754,5781,0
4755,5780,0
4756,5778,0
4757,5777,0
4758,5776,0
4759,5774,0
4760,5772,0
4761,5769,0
4762,5768,0
4763,5767,0
4764,5766,0
4765,5765,0
4766,5763,0
4767,5762,0
4768,5761,0
4769,5760,0
4770,5757,0
4771,5756,0
4772,5755,0
4773,5752,0
4774,5751,0
4775,5750,0
4776,5749,0
4777,5748,0
4778,5747,0
4779,5746,0
4780,5745,0
4781,5741,0
4782,5740,0
4783,5739,0
4784,5738,0
4785,5737,0
4786,5734,0
4787,5733,0
4788,5731,0
4789,5730,0
4790,5729,0
4791,5728,0
4792,5727,0
4793,5726,0
4794,5725,0
4795,5724,0
4796,5723,0
4797,5720,0
4798,5719,0
4799,5718,0
4800,5716,0
4801,5715,0
4802,5713,0
4803,5712,0
4804,5709,0
4805,5708,0
4806,5705,0
4807,5704,0
4808,5702,0
4809,5701,0
4810,5699,0
4811,5698,0
4812,5697,0
4813,5696,0
4814,5694,0
4815,5691,0
4816,5690,0
4817,5689,0
4818,5688,0
4819,5687,0
4820,5685,0
4821,5683,0
4822,5682,0
4823,5675,0
4824,5674,0
4825,5672,0
4826,5671,0
4827,5669,0
4828,5667,0
4829,5665,0
4830,5664,0
4831,5663,0
4832,5660,0
4833,5658,0
4834,5657,0
4835,5656,0
4836,5655,0
4837,5654,0
4838,5653,0
4839,5651,0
4840,5648,0
4841,5645,0
4842,5644,0
4843,5643,0
4844,5641,0
4845,5640,0
4846,5636,0
4847,5635,0
4848,5634,0
4849,5631,0
4850,5630,0
4851,5629,0
4852,5627,0
4853,5626,0
4854,5625,0
4855,5624,0
4856,5623,0
4857,5622,0
4858,5621,0
4859,5619,0
4860,5617,0
4861,5616,0
4862,5615,0
4863,5614,0
4864,5612,0
4865,5610,0
4866,5608,0
4867,5607,0
4868,5604,0
4869,5603,0
4870,5601,0
4871,5600,0
4872,5599,0
4873,5598,0
4874,5596,0
4875,5595,0
4876,5594,0
4877,5592,0
4878,5591,0
4879,5589,0
4880,5587,0
4881,5586,0
4882,5583,0
4883,5581,0
4884,5580,0
4885,5577,0
4886,5576,0
4887,5575,0
4888,5574,0
4889,5573,0
4890,5569,0
4891,5568,0
4892,5565,0
4893,5564,0
4894,5563,0
4895,5562,0
4896,5561,0
4897,5560,0
4898,5559,0
4899,5556,0
4900,5555,0
4901,5554,0
4902,5553,0
4903,5551,0
4904,5548,0
4905,5547,0
4906,5546,0
4907,5545,0
4908,5544,0
4909,5543,0
4910,5541,0
4911,5537,0
4912,5535,0
4913,5534,0
4914,5532,0
4915,5530,0
4916,5529,0
4917,5528,0
4918,5527,0
4919,5526,0
4920,5525,0
4921,5524,0
4922,5522,0
4923,5521,0
4924,5518,0
4925,5516,0
4926,5514,0
4927,5513,0
4928,5510,0
4929,5509,0
4930,5508,0
4931,5507,0
4932,5506,0
4933,5505,0
4934,5504,0
4935,5503,0
4936,5502,0
4937,5501,0
4938,5500,0
4939,5499,0
4940,5498,0
4941,5497,0
4942,5496,0
4943,5495,0
4944,5494,0
4945,5493,0
4946,5492,0
4947,5491,0
4948,5490,0
4949,5488,0
4950,5487,0
4951,5486,0
4952,5485,0
4953,5481,0
4954,5480,0
4955,5479,0
4956,5476,0
4957,5474,0
4958,5473,0
4959,5472,0
4960,5470,0
4961,5469,0
4962,5468,0
4963,5467,0
4964,5465,0
4965,5464,0
4966,5462,0
4967,5461,0
4968,5459,0
4969,5458,0
4970,5457,0
4971,5456,0
4972,5454,0
4973,5451,0
4974,5448,0
4975,5447,0
4976,5446,0
4977,5442,0
4978,5441,0
4979,5437,0
4980,5436,0
4981,5435,0
4982,5434,0
4983,5433,0
4984,5432,0
4985,5431,0
4986,5427,0
4987,5425,0
4988,5422,0
4989,5421,0
4990,5419,0
4991,5418,0
4992,5417,0
4993,5416,0
4994,5415,0
4995,5413,0
4996,5412,0
4997,5411,0
4998,5410,0
4999,5409,0
5000,5408,0
5001,5406,0
5002,5405,0
5003,5404,0
5004,5402,0
5005,5400,0
5006,5398,0
5007,5396,0
5008,5395,0
5009,5394,0
5010,5392,0
5011,5391,0
5012,5389,0
5013,5388,0
5014,5386,0
5015,5385,0
5016,5383,0
5017,5382,0
5018,5381,0
5019,5378,0
5020,5377,0
5021,5376,0
5022,5373,0
5023,5372,0
5024,5369,0
5025,5368,0
5026,5367,0
5027,5366,0
5028,5365,0
5029,5364,0
5030,5363,0
5031,5362,0
5032,5361,0
5033,5360,0
5034,5354,0
5035,5353,0
5036,5352,0
5037,5351,0
5038,5349,0
5039,5348,0
5040,5346,0
5041,5344,0
5042,5342,0
5043,5339,0
5044,5335,0
5045,5327,0
5046,5326,0
5047,5325,0
5048,5323,0
5049,5322,0
5050,5320,0
5051,5319,0
5052,5318,0
5053,5317,0
5054,5316,0
5055,5315,0
5056,5313,0
5057,5312,0
5058,5309,0
5059,5307,0
5060,5306,0
5061,5304,0
5062,5303,0
5063,5302,0
5064,5301,0
5065,5298,0
5066,5296,0
5067,5295,0
5068,5292,0
5069,5291,0
5070,5290,0
5071,5287,0
5072,5286,0
5073,5285,0
5074,5284,0
5075,5283,0
5076,5282,0
5077,5281,0
5078,5280,0
5079,5279,0
5080,5278,0
5081,5277,0
5082,5276,0
5083,5273,0
5084,5272,0
5085,5271,0
5086,5269,0
5087,5268,0
5088,5267,0
5089,5266,0
5090,5263,0
5091,5262,0
5092,5260,0
5093,5259,0
5094,5256,0
5095,5255,0
5096,5254,0
5097,5253,0
5098,5250,0
5099,5249,0
5100,5244,0
5101,5242,0
5102,5240,0
5103,5236,0
5104,5235,0
5105,5233,0
5106,5232,0
5107,5231,0
5108,5226,0
5109,5225,0
5110,5223,0
5111,5222,0
5112,5221,0
5113,5220,0
5114,5219,0
5115,5217,0
5116,5216,0
5117,5215,0
5118,5213,0
5119,5210,0
5120,5206,0
5121,5205,0
5122,5203,0
5123,5202,0
5124,5201,0
5125,5200,0
5126,5199,0
5127,5198,0
5128,5196,0
5129,5195,0
5130,5194,0
5131,5193,0
5132,5192,0
5133,5191,0
5134,5190,0
5135,5189,0
5136,5188,0
5137,5185,0
5138,5182,0
5139,5181,0
5140,5180,0
5141,5179,0
5142,5178,0
5143,5177,0
5144,5175,0
5145,5171,0
5146,5170,0
5147,5169,0
5148,5168,0
5149,5164,0
5150,5161,0
5151,5157,0
5152,5154,0
5153,5151,0
5154,5150,0
5155,5149,0
5156,5148,0
5157,5147,0
5158,5146,0
5159,5144,0
5160,5143,0
5161,5142,0
5162,5139,0
5163,5137,0
5164,5135,0
5165,5134,0
5166,5133,0
5167,5132,0
5168,5131,0
5169,5130,0
5170,5129,0
5171,5128,0
5172,5127,0
5173,5125,0
5174,5122,0
5175,5120,0
5176,5119,0
5177,5118,0
5178,5114,0
5179,5110,0
5180,5106,0
5181,5105,0
5182,5102,0
5183,5101,0
5184,5100,0
5185,5096,0
5186,5094,0
5187,5093,0
5188,5092,0
5189,5091,0
5190,5090,0
5191,5089,0
5192,5088,0
5193,5085,0
5194,5084,0
5195,5082,0
5196,5081,0
5197,5080,0
5198,5079,0
5199,5078,0
5200,5077,0
5201,5075,0
5202,5074,0
5203,5073,0
5204,5070,0
5205,5068,0
5206,5065,0
5207,5061,0
5208,5060,0
5209,5058,0
5210,5056,0
5211,5055,0
5212,5054,0
5213,5053,0
5214,5051,0
5215,5050,0
5216,5049,0
5217,5047,0
5218,5046,0
5219,5045,0
5220,5043,0
5221,5042,0
5222,5041,0
5223,5040,0
5224,5039,0
5225,5035,0
5226,5034,0
5227,5032,0
5228,5030,0
5229,5029,0
5230,5025,0
5231,5024,0
5232,5023,0
5233,5022,0
5234,5021,0
5235,5018,0
5236,5016,0
5237,5014,0
5238,5009,0
5239,5008,0
5240,5007,0
5241,5005,0
5242,5004,0
5243,5001,0
5244,5000,0
5245,4999,0
5246,4996,0
5247,4995,0
5248,4994,0
5249,4993,0
5250,4992,0
5251,4991,0
5252,4988,0
5253,4987,0
5254,4985,0
5255,4984,0
5256,4983,0
5257,4981,0
5258,4979,0
5259,4978,0
5260,4976,0
5261,4975,0
5262,4973,0
5263,4972,0
5264,4970,0
5265,4969,0
5266,4967,0
5267,4966,0
5268,4965,0
5269,4964,0
5270,4963,0
5271,4962,0
5272,4961,0
5273,4960,0
5274,4959,0
5275,4956,0
5276,4955,0
5277,4953,0
5278,4952,0
5279,4951,0
5280,4950,0
5281,4948,0
5282,4947,0
5283,4946,0
5284,4945,0
5285,4944,0
5286,4941,0
5287,4940,0
5288,4939,0
5289,4937,0
5290,4936,0
5291,4935,0
5292,4934,0
5293,4932,0
5294,4931,0
5295,4930,0
5296,4928,0
5297,4926,0
5298,4925,0
5299,4924,0
5300,4922,0
5301,4921,0
5302,4920,0
5303,4919,0
5304,4918,0
5305,4917,0
5306,4916,0
5307,4912,0
5308,4911,0
5309,4908,0
5310,4907,0
5311,4906,0
5312,4902,0
5313,4901,0
5314,4898,0
5315,4896,0
5316,4895,0
5317,4894,0
5318,4892,0
5319,4889,0
5320,4886,0
5321,4885,0
5322,4884,0
5323,4883,0
5324,4882,0
5325,4881,0
5326,4879,0
5327,4878,0
5328,4875,0
5329,4874,0
5330,4873,0
5331,4871,0
5332,4870,0
5333,4867,0
5334,4866,0
5335,4865,0
5336,4864,0
5337,4863,0
5338,4861,0
5339,4859,0
5340,4857,0
5341,4855,0
5342,4851,0
5343,4850,0
5344,4848,0
5345,4847,0
5346,4846,0
5347,4843,0
5348,4842,0
5349,4840,0
5350,4839,0
5351,4838,0
5352,4836,0
5353,4835,0
5354,4834,0
5355,4832,0
5356,4831,0
5357,4829,0
5358,4828,0
5359,4826,0
5360,4825,0
5361,4824,0
5362,4823,0
5363,4822,0
5364,4819,0
5365,4818,0
5366,4817,0
5367,4815,0
5368,4814,0
5369,4813,0
5370,4812,0
5371,4810,0
5372,4809,0
5373,4808,0
5374,4807,0
5375,4805,0
5376,4803,0
5377,4802,0
5378,4801,0
5379,4799,0
5380,4796,0
5381,4793,0
5382,4792,0
5383,4787,0
5384,4786,0
5385,4783,0
5386,4782,0
5387,4780,0
5388,4779,0
5389,4778,0
5390,4777,0
5391,4775,0
5392,4774,0
5393,4773,0
5394,4770,0
5395,4769,0
5396,4768,0
5397,4767,0
5398,4764,0
5399,4763,0
5400,4761,0
5401,4760,0
5402,4758,0
5403,4757,0
5404,4754,0
5405,4753,0
5406,4750,0
5407,4749,0
5408,4748,0
5409,4744,0
5410,4742,0
5411,4741,0
5412,4740,0
5413,4739,0
5414,4738,0
5415,4736,0
5416,4735,0
5417,4734,0
5418,4733,0
5419,4732,0
5420,4731,0
5421,4727,0
5422,4726,0
5423,4722,0
5424,4720,0
5425,4719,0
5426,4717,0
5427,4715,0
5428,4714,0
5429,4712,0
5430,4711,0
5431,4710,0
5432,4707,0
5433,4706,0
5434,4705,0
5435,4704,0
5436,4702,0
5437,4701,0
5438,4700,0
5439,4699,0
5440,4698,0
5441,4697,0
5442,4696,0
5443,4695,0
5444,4693,0
5445,4692,0
5446,4690,0
5447,4689,0
5448,4687,0
5449,4686,0
5450,4685,0
5451,4684,0
5452,4682,0
5453,4681,0
5454,4680,0
5455,4679,0
5456,4674,0
5457,4672,0
5458,4671,0
5459,4670,0
5460,4668,0
5461,4666,0
5462,4664,0
5463,4663,0
5464,4661,0
5465,4659,0
5466,4658,0
5467,4656,0
5468,4655,0
5469,4651,0
5470,4650,0
5471,4649,0
5472,4648,0
5473,4647,0
5474,4646,0
5475,4645,0
5476,4644,0
5477,4643,0
5478,4642,0
5479,4640,0
5480,4639,0
5481,4637,0
5482,4636,0
5483,4635,0
5484,4634,0
5485,4633,0
5486,4632,0
5487,4631,0
5488,4630,0
5489,4628,0
5490,4627,0
5491,4626,0
5492,4624,0
5493,4623,0
5494,4622,0
5495,4619,0
5496,4618,0
5497,4616,0
5498,4615,0
5499,4614,0
5500,4611,0
5501,4610,0
5502,4607,0
5503,4606,0
5504,4604,0
5505,4602,0
5506,4600,0
5507,4597,0
5508,4596,0
5509,4594,0
5510,4593,0
5511,4592,0
5512,4591,0
5513,4589,0
5514,4587,0
5515,4585,0
5516,4583,0
5517,4582,0
5518,4581,0
5519,4580,0
5520,4578,0
5521,4577,0
5522,4576,0
5523,4575,0
5524,4574,0
5525,4572,0
5526,4571,0
5527,4569,0
5528,4568,0
5529,4566,0
5530,4565,0
5531,4564,0
5532,4563,0
5533,4561,0
5534,4560,0
5535,4557,0
5536,4556,0
5537,4555,0
5538,4554,0
5539,4552,0
5540,4551,0
5541,4550,0
5542,4549,0
5543,4548,0
5544,4547,0
5545,4546,0
5546,4545,0
5547,4544,0
5548,4543,0
5549,4542,0
5550,4541,0
5551,4540,0
5552,4539,0
5553,4537,0
5554,4535,0
5555,4534,0
5556,4530,0
5557,4528,0
5558,4527,0
5559,4525,0
5560,4524,0
5561,4523,0
5562,4522,0
5563,4521,0
5564,4520,0
5565,4516,0
5566,4515,0
5567,4513,0
5568,4511,0
5569,4510,0
5570,4509,0
5571,4508,0
5572,4507,0
5573,4503,0
5574,4501,0
5575,4498,0
5576,4496,0
5577,4495,0
5578,4493,0
5579,4492,0
5580,4491,0
5581,4490,0
5582,4489,0
5583,4487,0
5584,4486,0
5585,4485,0
5586,4483,0
5587,4482,0
5588,4480,0
5589,4478,0
5590,4476,0
5591,4474,0
5592,4472,0
5593,4471,0
5594,4470,0
5595,4468,0
5596,4465,0
5597,4464,0
5598,4463,0
5599,4460,0
5600,4458,0
5601,4457,0
5602,4456,0
5603,4454,0
5604,4453,0
5605,4452,0
5606,4451,0
5607,4449,0
5608,4446,0
5609,4444,0
5610,4443,0
5611,4442,0
5612,4441,0
5613,4440,0
5614,4439,0
5615,4438,0
5616,4436,0
5617,4434,0
5618,4433,0
5619,4432,0
5620,4430,0
5621,4428,0
5622,4427,0
5623,4425,0
5624,4424,0
5625,4422,0
5626,4421,0
5627,4420,0
5628,4419,0
5629,4417,0
5630,4413,0
5631,4412,0
5632,4411,0
5633,4410,0
5634,4409,0
5635,4408,0
5636,4407,0
5637,4405,0
5638,4403,0
5639,4402,0
5640,4401,0
5641,4399,0
5642,4396,0
5643,4395,0
5644,4394,0
5645,4393,0
5646,4392,0
5647,4390,0
5648,4388,0
5649,4387,0
5650,4386,0
5651,4385,0
5652,4384,0
5653,4383,0
5654,4380,0
5655,4379,0
5656,4377,0
5657,4373,0
5658,4372,0
5659,4370,0
5660,4369,0
5661,4368,0
5662,4366,0
5663,4363,0
5664,4362,0
5665,4361,0
5666,4357,0
5667,4355,0
5668,4353,0
5669,4352,0
5670,4351,0
5671,4350,0
5672,4347,0
5673,4346,0
5674,4344,0
5675,4343,0
5676,4341,0
5677,4340,0
5678,4339,0
5679,4337,0
5680,4335,0
5681,4334,0
5682,4332,0
5683,4331,0
5684,4330,0
5685,4328,0
5686,4327,0
5687,4323,0
5688,4320,0
5689,4319,0
5690,4318,0
5691,4315,0
5692,4314,0
5693,4313,0
5694,4311,0
5695,4309,0
5696,4308,0
5697,4305,0
5698,4304,0
5699,4301,0
5700,4300,0
5701,4297,0
5702,4294,0
5703,4293,0
5704,4292,0
5705,4291,0
5706,4290,0
5707,4288,0
5708,4287,0
5709,4286,0
5710,4284,0
5711,4283,0
5712,4282,0
5713,4281,0
5714,4279,0
5715,4277,0
5716,4276,0
5717,4275,0
5718,4274,0
5719,4272,0
5720,4271,0
5721,4270,0
5722,4269,0
5723,4266,0
5724,4265,0
5725,4264,0
5726,4262,0
5727,4261,0
5728,4260,0
5729,4259,0
5730,4258,0
5731,4257,0
5732,4256,0
5733,4254,0
5734,4253,0
5735,4252,0
5736,4251,0
5737,4247,0
5738,4246,0
5739,4245,0
5740,4237,0
5741,4235,0
5742,4233,0
5743,4232,0
5744,4231,0
5745,4230,0
5746,4229,0
5747,4228,0
5748,4226,0
5749,4225,0
5750,4224,0
5751,4222,0
5752,4221,0
5753,4220,0
5754,4216,0
5755,4215,0
5756,4214,0
5757,4212,0
5758,4211,0
5759,4209,0
5760,4208,0
5761,4206,0
5762,4205,0
5763,4204,0
5764,4199,0
5765,4197,0
5766,4196,0
5767,4195,0
5768,4194,0
5769,4193,0
5770,4192,0
5771,4191,0
5772,4188,0
5773,4187,0
5774,4183,0
5775,4182,0
5776,4181,0
5777,4180,0
5778,4178,0
5779,4177,0
5780,4176,0
5781,4175,0
5782,4174,0
5783,4173,0
5784,4172,0
5785,4171,0
5786,4170,0
5787,4169,0
5788,4163,0
5789,4162,0
5790,4160,0
5791,4158,0
5792,4156,0
5793,4151,0
5794,4150,0
5795,4149,0
5796,4148,0
5797,4146,0
5798,4144,0
5799,4143,0
5800,4141,0
5801,4139,0
5802,4138,0
5803,4137,0
5804,4135,0
5805,4134,0
5806,4130,0
5807,4129,0
5808,4127,0
5809,4126,0
5810,4124,0
5811,4123,0
5812,4108,0
5813,4101,0
5814,4099,0
5815,4096,0
5816,4093,0
5817,4090,0
5818,4087,0
5819,4085,0
5820,4084,0
5821,4081,0
5822,4080,0
5823,4079,0
5824,4077,0
5825,4076,0
5826,4075,0
5827,4074,0
5828,4073,0
5829,4071,0
5830,4070,0
5831,4069,0
5832,4068,0
5833,4067,0
5834,4063,0
5835,4061,0
5836,4060,0
5837,4058,0
5838,4057,0
5839,4056,0
5840,4055,0
5841,4054,0
5842,4053,0
5843,4050,0
5844,4049,0
5845,4047,0
5846,4046,0
5847,4044,0
5848,4043,0
5849,4041,0
5850,4039,0
5851,4038,0
5852,4036,0
5853,4035,0
5854,4034,0
5855,4031,0
5856,4030,0
5857,4029,0
5858,4027,0
5859,4025,0
5860,4023,0
5861,4020,0
5862,4013,0
5863,4012,0
5864,4011,0
5865,4010,0
5866,4009,0
5867,4008,0
5868,4007,0
5869,4006,0
5870,4005,0
5871,4004,0
5872,4002,0
5873,4001,0
5874,3999,0
5875,3998,0
5876,3997,0
5877,3996,0
5878,3995,0
5879,3994,0
5880,3993,0
5881,3992,0
5882,3989,0
5883,3987,0
5884,3985,0
5885,3982,0
5886,3981,0
5887,3979,0
5888,3978,0
5889,3976,0
5890,3973,0
5891,3972,0
5892,3971,0
5893,3970,0
5894,3969,0
5895,3967,0
5896,3965,0
5897,3964,0
5898,3962,0
5899,3960,0
5900,3955,0
5901,3954,0
5902,3952,0
5903,3949,0
5904,3947,0
5905,3946,0
5906,3945,0
5907,3944,0
5908,3942,0
5909,3941,0
5910,3939,0
5911,3938,0
5912,3937,0
5913,3934,0
5914,3933,0
5915,3932,0
5916,3931,0
5917,3929,0
5918,3928,0
5919,3927,0
5920,3926,0
5921,3925,0
5922,3924,0
5923,3923,0
5924,3921,0
5925,3919,0
5926,3916,0
5927,3915,0
5928,3913,0
5929,3912,0
5930,3911,0
5931,3910,0
5932,3907,0
5933,3904,0
5934,3903,0
5935,3902,0
5936,3901,0
5937,3900,0
5938,3899,0
5939,3897,0
5940,3895,0
5941,3894,0
5942,3893,0
5943,3892,0
5944,3890,0
5945,3888,0
5946,3887,0
5947,3883,0
5948,3882,0
5949,3881,0
5950,3880,0
5951,3878,0
5952,3877,0
5953,3876,0
5954,3870,0
5955,3867,0
5956,3864,0
5957,3862,0
5958,3860,0
5959,3858,0
5960,3856,0
5961,3854,0
5962,3853,0
5963,3852,0
5964,3850,0
5965,3849,0
5966,3848,0
5967,3846,0
5968,3841,0
5969,3840,0
5970,3839,0
5971,3838,0
5972,3835,0
5973,3834,0
5974,3833,0
5975,3832,0
5976,3828,0
5977,3827,0
5978,3825,0
5979,3824,0
5980,3823,0
5981,3822,0
5982,3821,0
5983,3820,0
5984,3819,0
5985,3814,0
5986,3812,0
5987,3810,0
5988,3807,0
5989,3804,0
5990,3799,0
5991,3797,0
5992,3795,0
5993,3794,0
5994,3792,0
5995,3791,0
5996,3789,0
5997,3787,0
5998,3786,0
5999,3785,0
6000,3784,0
6001,3781,0
6002,3779,0
6003,3778,0
6004,3777,0
6005,3773,0
6006,3772,0
6007,3771,0
6008,3770,0
6009,3769,0
6010,3768,0
6011,3767,0
6012,3765,0
6013,3764,0
6014,3763,0
6015,3762,0
6016,3761,0
6017,3760,0
6018,3759,0
6019,3758,0
6020,3756,0
6021,3754,0
6022,3753,0
6023,3752,0
6024,3751,0
6025,3747,0
6026,3745,0
6027,3744,0
6028,3743,0
6029,3742,0
6030,3740,0
6031,3736,0
6032,3735,0
6033,3734,0
6034,3733,0
6035,3731,0
6036,3730,0
6037,3728,0
6038,3727,0
6039,3723,0
6040,3722,0
6041,3721,0
6042,3720,0
6043,3719,0
6044,3718,0
6045,3716,0
6046,3715,0
6047,3714,0
6048,3713,0
6049,3712,0
6050,3711,0
6051,3710,0
6052,3709,0
6053,3708,0
6054,3706,0
6055,3703,0
6056,3702,0
6057,3701,0
6058,3700,0
6059,3699,0
6060,3698,0
6061,3697,0
6062,3696,0
6063,3695,0
6064,3694,0
6065,3693,0
6066,3691,0
6067,3690,0
6068,3689,0
6069,3683,0
6070,3679,0
6071,3677,0
6072,3675,0
6073,3674,0
6074,3673,0
6075,3672,0
6076,3671,0
6077,3670,0
6078,3669,0
6079,3668,0
6080,3667,0
6081,3666,0
6082,3664,0
6083,3663,0
6084,3660,0
6085,3654,0
6086,3652,0
6087,3650,0
6088,3648,0
6089,3644,0
6090,3643,0
6091,3639,0
6092,3638,0
6093,3636,0
6094,3634,0
6095,3633,0
6096,3632,0
6097,3631,0
6098,3629,0
6099,3625,0
6100,3624,0
6101,3623,0
6102,3619,0
6103,3618,0
6104,3617,0
6105,3616,0
6106,3615,0
6107,3613,0
6108,3612,0
6109,3608,0
6110,3605,0
6111,3603,0
6112,3601,0
6113,3600,0
6114,3599,0
6115,3597,0
6116,3596,0
6117,3594,0
6118,3593,0
6119,3592,0
6120,3591,0
6121,3590,0
6122,3588,0
6123,3586,0
6124,3584,0
6125,3581,0
6126,3580,0
6127,3577,0
6128,3575,0
6129,3574,0
6130,3573,0
6131,3571,0
6132,3569,0
6133,3567,0
6134,3566,0
6135,3565,0
6136,3564,0
6137,3563,0
6138,3561,0
6139,3560,0
6140,3557,0
6141,3553,0
6142,3552,0
6143,3549,0
6144,3548,0
6145,3546,0
6146,3545,0
6147,3542,0
6148,3541,0
6149,3536,0
6150,3535,0
6151,3533,0
6152,3531,0
6153,3529,0
6154,3527,0
6155,3524,0
6156,3523,0
6157,3521,0
6158,3520,0
6159,3519,0
6160,3518,0
6161,3517,0
6162,3515,0
6163,3512,0
6164,3508,0
6165,3507,0
6166,3506,0
6167,3504,0
6168,3503,0
6169,3502,0
6170,3499,0
6171,3498,0
6172,3497,0
6173,3496,0
6174,3495,0
6175,3494,0
6176,3492,0
6177,3490,0
6178,3489,0
6179,3488,0
6180,3486,0
6181,3485,0
6182,3484,0
6183,3482,0
6184,3480,0
6185,3478,0
6186,3477,0
6187,3476,0
6188,3473,0
6189,3472,0
6190,3468,0
6191,3466,0
6192,3465,0
6193,3464,0
6194,3463,0
6195,3462,0
6196,3461,0
6197,3460,0
6198,3459,0
6199,3456,0
6200,3454,0
6201,3453,0
6202,3448,0
6203,3446,0
6204,3445,0
6205,3444,0
6206,3441,0
6207,3439,0
6208,3438,0
6209,3437,0
6210,3433,0
6211,3432,0
6212,3431,0
6213,3428,0
6214,3427,0
6215,3426,0
6216,3425,0
6217,3424,0
6218,3423,0
6219,3422,0
6220,3420,0
6221,3418,0
6222,3414,0
6223,3411,0
6224,3410,0
6225,3409,0
6226,3408,0
6227,3407,0
6228,3406,0
6229,3404,0
6230,3402,0
6231,3401,0
6232,3400,0
6233,3399,0
6234,3398,0
6235,3395,0
6236,3393,0
6237,3392,0
6238,3391,0
6239,3390,0
6240,3389,0
6241,3388,0
6242,3387,0
6243,3386,0
6244,3385,0
6245,3383,0
6246,3382,0
6247,3381,0
6248,3380,0
6249,3377,0
6250,3376,0
6251,3373,0
6252,3371,0
6253,3370,0
6254,3369,0
6255,3366,0
6256,3365,0
6257,3364,0
6258,3363,0
6259,3362,0
6260,3359,0
6261,3358,0
6262,3356,0
6263,3355,0
6264,3354,0
6265,3349,0
6266,3348,0
6267,3347,0
6268,3346,0
6269,3345,0
6270,3344,0
6271,3342,0
6272,3340,0
6273,3336,0
6274,3335,0
6275,3333,0
6276,3332,0
6277,3331,0
6278,3329,0
6279,3326,0
6280,3325,0
6281,3321,0
6282,3320,0
6283,3319,0
6284,3318,0
6285,3317,0
6286,3316,0
6287,3315,0
6288,3314,0
6289,3312,0
6290,3311,0
6291,3309,0
6292,3308,0
6293,3307,0
6294,3305,0
6295,3304,0
6296,3303,0
6297,3298,0
6298,3295,0
6299,3293,0
6300,3292,0
6301,3291,0
6302,3289,0
6303,3286,0
6304,3285,0
6305,3284,0
6306,3282,0
6307,3278,0
6308,3277,0
6309,3276,0
6310,3275,0
6311,3274,0
6312,3273,0
6313,3271,0
6314,3268,0
6315,3267,0
6316,3266,0
6317,3265,0
6318,3264,0
6319,3263,0
6320,3262,0
6321,3261,0
6322,3260,0
6323,3259,0
6324,3257,0
6325,3256,0
6326,3255,0
6327,3254,0
6328,3252,0
6329,3250,0
6330,3249,0
6331,3248,0
6332,3246,0
6333,3245,0
6334,3244,0
6335,3242,0
6336,3241,0
6337,3240,0
6338,3239,0
6339,3238,0
6340,3237,0
6341,3236,0
6342,3235,0
6343,3234,0
6344,3233,0
6345,3232,0
6346,3228,0
6347,3227,0
6348,3224,0
6349,3222,0
6350,3221,0
6351,3218,0
6352,3217,0
6353,3216,0
6354,3215,0
6355,3212,0
6356,3211,0
6357,3209,0
6358,3204,0
6359,3201,0
6360,3199,0
6361,3198,0
6362,3197,0
6363,3196,0
6364,3195,0
6365,3194,0
6366,3193,0
6367,3187,0
6368,3186,0
6369,3184,0
6370,3183,0
6371,3180,0
6372,3178,0
6373,3175,0
6374,3173,0
6375,3172,0
6376,3171,0
6377,3169,0
6378,3168,0
6379,3165,0
6380,3162,0
6381,3158,0
6382,3156,0
6383,3155,0
6384,3152,0
6385,3151,0
6386,3150,0
6387,3149,0
6388,3148,0
6389,3147,0
6390,3146,0
6391,3145,0
6392,3144,0
6393,3143,0
6394,3142,0
6395,3140,0
6396,3139,0
6397,3138,0
6398,3137,0
6399,3134,0
6400,3131,0
6401,3129,0
6402,3128,0
6403,3127,0
6404,3126,0
6405,3125,0
6406,3124,0
6407,3122,0
6408,3117,0
6409,3115,0
6410,3113,0
6411,3112,0
6412,3110,0
6413,3109,0
6414,3108,0
6415,3107,0
6416,3105,0
6417,3104,0
6418,3102,0
6419,3101,0
6420,3100,0
6421,3097,0
6422,3095,0
6423,3094,0
6424,3090,0
6425,3089,0
6426,3088,0
6427,3087,0
6428,3086,0
6429,3085,0
6430,3082,0
6431,3081,0
6432,3080,0
6433,3078,0
6434,3077,0
6435,3076,0
6436,3075,0
6437,3074,0
6438,3073,0
6439,3072,0
6440,3071,0
6441,3070,0
6442,3069,0
6443,3068,0
6444,3067,0
6445,3065,0
6446,3064,0
6447,3063,0
6448,3062,0
6449,3060,0
6450,3059,0
6451,3056,0
6452,3055,0
6453,3054,0
6454,3053,0
6455,3050,0
6456,3049,0
6457,3048,0
6458,3046,0
6459,3045,0
6460,3044,0
6461,3043,0
6462,3042,0
6463,3041,0
6464,3040,0
6465,3038,0
6466,3035,0
6467,3034,0
6468,3033,0
6469,3032,0
6470,3031,0
6471,3030,0
6472,3029,0
6473,3028,0
6474,3025,0
6475,3023,0
6476,3022,0
6477,3021,0
6478,3020,0
6479,3019,0
6480,3015,0
6481,3014,0
6482,3012,0
6483,3011,0
